Assumpta;Edwyna
Janella;Nkruma
Shana;Sveta
Friðrika;Jaana
Carla;Janella
Jaana;Svetlana
Alessa;Nelya
Fenella;Giulia
Alexandrea;Jolana
Alissa;Svetlana
Märta;Seona
Concepta;Minna
Edwena;Sara
Asa;Csaba
Agostina;Fenella
Charla;Nanaia
Lidia;Nkruma
Corona;Libitina
Mahendra;Ottavia
Helma;Juliana
Branislava;Malinda
Gitta;Mahendra
Petunia;Renáta
Maïssa;Nala
Elita;Minna
Sharma;Thyra
Erika;Marijona
Chita;Friðrika
Astraea;Carla
Dorottya;Karina
Alysha;Malinda
Helma;Laurita
Andréa;Csaba
Donaldina;Svetlana
Avia;Jacinta
Atiya;Manuela
Laocadia;Rowina
Corona;Florinda
Duana;Sveta
Akosua;Charla
Manuela;Sara
Kandajha;Serafima
Alysha;Ayala
Jaana;Karina
Corona;Morana
Clotilda;Fadia
Gaea;Nikoleta
Charla;Clotilda
Atiya;Janella
Christina;Edwena
Concepta;Hilaria
Moyra;Rózsa
Hilaria;Nikoleta
Edwyna;Ruxandra
Alaina;Amada
Mustapha;Tímea
Zakiyya;Zsófika
Karina;Serafima
Jaana;Malinda
Andréa;Libitina
Alaina;Chandra
Ivanna;Viveka
Gitta;Jaana
Felipa;Sveta
Laocadia;Nikoleta
Consuela;Sárika
Marajha;Volya
Agostina;Piroska
Ayala;Cecelia
Merita;Nkruma
Asa;Karina
Petunia;Zella
Mahendra;Merla
Lidia;Nanaia
Edwyna;Karamba
Charla;Ludmila
Mahendra;Maquinna
Edwena;Olyvia
Gretta;Rózsa
Christina;Margarida
Christina;Lela
Clotilda;Waheeda
Asa;Chita
Carla;Ofra
Hylda;Orpa
Elita;Karina
Christina;Crina
Floriana;Yuna
Felipa;Merla
Catriona;Marva
Corona;Lovisa
Charla;Serafima
Marva;Viveka
Catriona;Margarida
Edwyna;Serafima
Anka;Felipa
Avra;Giulia
Giulia;Margarida
Avia;Cecelia
Cecelia;Rama
Catriona;Thyra
Kustaa;Marijona
Khalifa;Ola
Duana;Ofélia
Lidia;Zia
Floriana;Sara
Libitina;Lola
Alysha;Florinda
Charla;Sonja
Piroska;Sharma
Florinda;Ofélia
Nkruma;Ola
Florinda;Svetlana
Alysha;Sara
Foka;Nikoleta
Milburga;Petrona
Felipa;Petunia
Corona;Thyra
Amada;Mélissa
Elita;Fenella
Christabella;Shoshana
Fedelma;Minna
Milburga;Orpa
Charla;Floriana
Cordula;Eadburga
Alexandrea;Kendra
Hadja;Milburga
Fikriyya;Sárika
Nkruma;Thyra
Edwena;Rózsa
Jolana;Minna
Hestia;Ofélia
Akosua;Thyra
Laurita;Minna
Agostina;Waheeda
Ludmila;Zia
Adjoa;Amaranta
Bahia;Marva
Ayala;Ottavia
Jacinta;Ludmila
Andreia;Gaea
Christina;Mélissa
Astraea;Viveka
Mahendra;Pasqualina
Chita;Thyra
Thyra;Zola
Khalifa;Nanaia
Milburga;Sveta
Edwena;Ivanna
Ivanna;Marva
Clotilda;Piroska
Ayala;Gaea
Azucena;Nelya
Assumpta;Viveka
Märta;Sara
Lidia;Zola
Lidia;Zakiyya
Fenella;Shana
Eadburga;Samba
Isra;Maïssa
Foka;Marva
Maïssa;Zakiyya
Helma;Margarida
Miranda;Nirvana
Jaana;Seona
Janella;Jolana
Gretta;Ola
Khalifa;Laurita
Olyvia;Sárika
Amaranta;Thyra
Petunia;Svetlana
Cordula;Orpa
Petunia;Zia
Astraea;Floriana
Karamba;Ofélia
Nkruma;Sharma
Anka;Yuna
Almudena;Amaranta
Alicia;Mustapha
Mélissa;Sharma
Charla;Zia
Bahia;Dymphna
Mustapha;Thyra
Laocadia;Lola
Amada;Sárika
Ludmila;Marijona
Kandajha;Ottavia
Christabella;Edwena
Alysha;Olyvia
Alexandrea;Floriana
Csaba;Mélissa
Amaranta;Rózsa
Ayala;Harmonia
Piroska;Shana
Assumpta;Rózsa
Alysha;Morana
Estella;Sharma
Karamba;Merita
Avra;Terezinha
Clotilda;Ghaliya
Assumpta;Ofra
Fikriyya;Milburga
Edwyna;Laocadia
Kristina;Marijana
Agostina;Margarida
Janella;Orpa
Piroska;Zakiyya
Hanna;Mustapha
Dorottya;Shana
Clotilda;Edwyna
Alaina;Saturnina
Idrissa;Nanaia
Chita;Sveta
Albertina;Maquinna
Elita;Thyra
Kustaa;Zella
Elita;Helma
Agostina;Jaana
Catriona;Ludmila
Erika;Pasqualina
Fedelma;Jaana
Avra;Felipa
Constancia;Floriana
Ethna;Karina
Christabella;Janella
Meliora;Sárika
Albertina;Lola
Dymphna;Nanaia
Clotilda;Giulia
Hestia;Idrissa
Gretta;Mahendra
Edwyna;Tamika
Azucena;Felipa
Dorottya;Laocadia
Janella;Ofélia
Jaana;Nelya
Manuela;Piroska
Madonna;Piroska
Isra;Lola
Clotilda;Erika
Isra;Zola
Kandajha;Seona
Amada;Felipa
Maïssa;Sárika
Constancia;Milburga
Giulia;Pernilla
Alicia;Mélissa
Estella;Saturnina
Chita;Ola
Nkruma;Ofélia
Maquinna;Sharma
Jayna;Ottavia
Azucena;Jacinta
Idrissa;Jaana
Amada;Minna
Fikriyya;Katherina
Corona;Svetlana
Alaina;Nanaia
Hanna;Nelya
Dominga;Fikriyya
Andreia;Jacinta
Cecelia;Olyvia
Carla;Fedelma
Fenella;Lidia
Giulia;Mustapha
Cordula;Mélissa
Avia;Zakiyya
Adjoa;Shayla
Donaldina;Felipa
Adrianna;Merla
Minna;Shana
Meliora;Tamika
Agostina;Marva
Fenella;Gretta
Csaba;Floriana
Mustafa;Thyra
Donaldina;Sharma
Tímea;Zakiyya
Cordula;Nelya
Foka;Saturnina
Mahendra;Nkruma
Mustapha;Sharma
Amaranta;Ludmila
Khara;Märta
Irena;Juliana
Ila;Olyvia
Avra;Karamba
Juliana;Sara
Petunia;Terezinha
Branislava;Ludmila
Fedelma;Giulia
Manuela;Meliora
Andréa;Karina
Dymphna;Eadburga
Gaea;Nelya
Nala;Perdita
Kandajha;Libitina
Hilaria;Thyra
Karina;Shiva
Ivanna;Ofélia
Almudena;Arjuna
Avia;Thyra
Märta;Rózsa
Cordula;Juliana
Ivanna;Zia
Corona;Jolana
Carla;Terezinha
Arjuna;Floriana
Fadia;Marijana
Fenella;Juliana
Floriana;Piroska
Gaea;Lela
Alessa;Ofélia
Marijona;Sárika
Janella;Zia
Arjuna;Ivanna
Juliana;Ofélia
Christina;Dominga
Mustafa;Sárika
Andréa;Orinda
Corona;Felipa
Chita;Janella
Ivanna;Sara
Fenella;Ludmila
Jaana;Shiva
Elita;Laurita
Alysha;Felipa
Mahendra;Serafima
Gaea;Isra
Sharma;Zsófika
Andreia;Karina
Alysha;Andréa
Asa;Margarida
Amaranta;Petunia
Khalifa;Nikoleta
Cecelia;Idrissa
Adjoa;Karina
Assumpta;Janika
Idrissa;Pernilla
Merla;Sveta
Alessa;Chita
Gretta;Hylda
Alicia;Corona
Hylda;Olyvia
Bahija;Christina
Chita;Ethna
Andréa;Hilaria
Isra;Maquinna
Akosua;Idrissa
Charla;Kristina
Agostina;Cilla
Avia;Waheeda
Elita;Nikoleta
Akosua;Mahendra
Marajha;Nirvana
Ofra;Ofélia
Asa;Dymphna
Christabella;Hilaria
Giulia;Rózsa
Agostina;Avra
Katherina;Marva
Orpa;Piroska
Idrissa;Sara
Fikriyya;Gaea
Alaina;Ofélia
Foka;Mélissa
Astraea;Hilaria
Marva;Mélissa
Carla;Isra
Charla;Ofélia
Floriana;Gratia
Aviva;Elita
Rózsa;Shoshana
Andréa;Idrissa
Hanna;Svetlana
Mustapha;Olyvia
Kandajha;Zola
Consuela;Jaana
Elita;Irena
Alaina;Alyona
Alicia;Chita
Hestia;Kandajha
Harmonia;Zakiyya
Bahia;Piroska
Amada;Hilaria
Alexandrea;Nirvana
Lela;Shana
Akosua;Nikoleta
Malinda;Petrona
Lidia;Marijana
Alaina;Libitina
Assumpta;Jacinta
Amada;Ottavia
Avia;Petrona
Helma;Petunia
Csaba;Nirvana
Laocadia;Mélissa
Sara;Sharma
Gracia;Janella
Alaina;Marva
Bahija;Dominga
Alessa;Lela
Consuela;Sara
Kandajha;Zia
Christabella;Concepta
Maïssa;Sara
Ottavia;Zola
Hylda;Nanaia
Fenella;Rowina
Minna;Olyvia
Carla;Sara
Janella;Sharma
Karamba;Ofra
Adjoa;Hylda
Albertina;Elita
Cecelia;Chita
Charla;Hestia
Nikoleta;Olyvia
Hilaria;Laurita
Jaana;Maïssa
Serafima;Sharma
Floriana;Ofra
Anka;Juliana
Akosua;Csaba
Erika;Petrona
Christina;Florinda
Kristina;Marva
Olyvia;Terezinha
Seona;Shayla
Almudena;Merla
Chita;Léa
Orpa;Rózsa
Fenella;Ofra
Avra;Viveka
Assumpta;Maquinna
Amada;Hestia
Fedelma;Ludmila
Dorottya;Nelya
Giulia;Serafima
Alessa;Minna
Kristina;Olyvia
Christina;Léa
Olyvia;Shayla
Consuela;Svetlana
Crina;Edwena
Andreia;Laocadia
Andréa;Branislava
Pasqualina;Rózsa
Agostina;Gaea
Manuela;Zia
Merita;Pierina
Felipa;Sara
Kristina;Lola
Foka;Sonja
Christina;Jolana
Christina;Cordula
Donaldina;Pierina
Avia;Ola
Estella;Svetlana
Corona;Margarida
Corona;Dorottya
Orpa;Thyra
Maquinna;Ottavia
Alexandrea;Kristina
Assumpta;Tímea
Kristina;Ludmila
Ofra;Thyra
Astraea;Karina
Alysha;Gaea
Astraea;Duana
Alysha;Léa
Nelya;Zsófika
Jaana;Rowina
Christina;Janella
Nikoleta;Seona
Marijona;Merla
Amada;Zakiyya
Agostina;Katherina
Renáta;Zakiyya
Avia;Fikriyya
Asa;Christabella
Marva;Sárika
Clotilda;Sharma
Anka;Gretta
Fenella;Jolana
Khalifa;Thyra
Nirvana;Serafima
Agostina;Laocadia
Hanna;Mahendra
Milburga;Petunia
Fadia;Marajha
Edwyna;Khara
Felipa;Sharma
Amada;Ila
Karamba;Lola
Léa;Nelya
Marva;Thyra
Estella;Hilaria
Helma;Khara
Azucena;Gretta
Felipa;Karina
Hilaria;Shoshana
Avia;Carla
Chita;Marijana
Crina;Piroska
Assumpta;Milburga
Lela;Waheeda
Alicia;Pernilla
Gaea;Renáta
Dorottya;Hilaria
Amada;Floriana
Andréa;Jaana
Floriana;Mahendra
Nikoleta;Tamika
Felipa;Zola
Asa;Sveta
Concepta;Khalifa
Adjoa;Sveta
Avia;Hilaria
Libitina;Zsófika
Gretta;Karamba
Erika;Helma
Helma;Kandajha
Bahia;Chandra
Bahija;Carla
Albertina;Idrissa
Avia;Constancia
Agostina;Christabella
Morana;Pernilla
Edwyna;Gitta
Milburga;Nikoleta
Mariabella;Marijona
Agostina;Karina
Astraea;Giulia
Astraea;Libitina
Milburga;Nelya
Shana;Sheena
Alysha;Fedelma
Christina;Sveta
Katherina;Nirvana
Amada;Andréa
Felipa;Jolana
Olivia;Olyvia
Carla;Tamika
Andréa;Elita
Arjuna;Carla
Giulia;Hilaria
Jaana;Laurita
Ayala;Maïssa
Khalifa;Seona
Alysha;Hadja
Lola;Nirvana
Cordula;Svetlana
Shana;Svetlana
Cordula;Nikoleta
Cordula;Kandajha
Karamba;Märta
Amaranta;Jayna
Nelya;Sara
Dymphna;Märta
Isra;Zsófika
Carla;Ila
Jaana;Pierina
Lola;Zola
Duana;Kandajha
Fikriyya;Maïssa
Avra;Gitta
Isra;Ofra
Piroska;Samba
Avra;Tamika
Hylda;Marijona
Avra;Azucena
Hestia;Nirvana
Andréa;Khalifa
Avia;Ethna
Assumpta;Nanaia
Avra;Pernilla
Floriana;Sonja
Fikriyya;Pierina
Nelya;Ottavia
Giulia;Minna
Christabella;Crina
Catriona;Sárika
Libitina;Morana
Catriona;Viveka
Yuna;Zakiyya
Andréa;Shayla
Estella;Morana
Avra;Khara
Akosua;Sharma
Léa;Shiva
Chandra;Christabella
Carla;Nikoleta
Crina;Katherina
Meliora;Minna
Arjuna;Rózsa
Edwena;Gaea
Albertina;Serafima
Ludmila;Mustafa
Bahia;Tímea
Laocadia;Malinda
Ivanna;Maquinna
Cordula;Mahendra
Erika;Irena
Marva;Nkruma
Eadburga;Pernilla
Estella;Thyra
Amada;Corona
Hestia;Minna
Jolana;Märta
Assumpta;Sveta
Laocadia;Pasqualina
Merla;Milburga
Alysha;Maïssa
Arjuna;Clotilda
Lovisa;Zsófika
Carla;Marajha
Agostina;Rama
Asa;Mustafa
Asa;Orinda
Florinda;Rowina
Bahia;Nikoleta
Isra;Mustapha
Ivanna;Laocadia
Estella;Marva
Amaranta;Marajha
Christina;Csaba
Avia;Sárika
Minna;Roxana
Almudena;Sveta
Ivanna;Libitina
Carla;Christabella
Isra;Marva
Kandajha;Mustapha
Kandajha;Kristina
Ola;Shiva
Nanaia;Zsófika
Asa;Rózsa
Elita;Hilaria
Ivanna;Pernilla
Arjuna;Chandra
Mustafa;Nelya
Hadja;Libitina
Alysha;Dominga
Ivanna;Renáta
Fedelma;Isra
Chandra;Sharma
Asa;Dorottya
Ayala;Clotilda
Jaana;Zia
Donaldina;Gaea
Akosua;Khara
Azucena;Sárika
Nkruma;Seona
Renáta;Seona
Mustapha;Seona
Alysha;Chita
Alexandrea;Orinda
Idrissa;Rózsa
Manuela;Rama
Marva;Seona
Ludmila;Nelya
Ivanna;Nkruma
Lola;Renáta
Ayala;Csaba
Azucena;Jaana
Avia;Marva
Carla;Hylda
Amaranta;Maquinna
Donaldina;Merla
Nkruma;Tamika
Jyotsna;Zakiyya
Carla;Giulia
Clotilda;Janella
Christina;Piroska
Alysha;Nirvana
Giulia;Rowina
Laocadia;Mahendra
Arjuna;Sárika
Crina;Serafima
Asa;Sara
Ivanna;Olyvia
Christina;Laocadia
Anka;Estella
Ofra;Saturnina
Alessa;Maquinna
Alysha;Crina
Catriona;Chandra
Marijona;Pernilla
Christina;Marajha
Ofélia;Olyvia
Minna;Tamika
Minna;Moyra
Crina;Marijona
Almudena;Foka
Clotilda;Shana
Almudena;Karamba
Atiya;Foka
Shiva;Sonja
Astraea;Petunia
Bahia;Nirvana
Branislava;Tamika
Elita;Piroska
Giulia;Khara
Cecelia;Sárika
Cordula;Gretta
Jaana;Sharma
Alicia;Isra
Constancia;Ludmila
Ola;Terezinha
Libitina;Mélissa
Gaea;Milburga
Seona;Svetlana
Almudena;Minna
Florinda;Sharma
Corona;Khara
Elita;Nkruma
Cressida;Ivanna
Christina;Fikriyya
Marva;Pasqualina
Ofélia;Zakiyya
Floriana;Petrona
Astraea;Nanaia
Idrissa;Petunia
Carla;Lela
Albertina;Minna
Alyona;Milburga
Gitta;Piroska
Crina;Karina
Consuela;Floriana
Cecelia;Foka
Harmonia;Moyra
Irena;Karamba
Crina;Tímea
Irena;Sara
Felipa;Gitta
Concepta;Jaana
Csaba;Jolana
Clotilda;Thyra
Avra;Minna
Constancia;Cressida
Irena;Sheena
Almudena;Ivanna
Karina;Zsófika
Donaldina;Seona
Jolana;Saturnina
Constancia;Erika
Arjuna;Christina
Chandra;Cordula
Ofra;Sharma
Corona;Seona
Bahia;Katherina
Alysha;Sharma
Amaranta;Florinda
Orpa;Sveta
Fenella;Mustapha
Viveka;Zia
Andreia;Concepta
Foka;Gaea
Andreia;Seona
Kandajha;Zakiyya
Lela;Zsófika
Clotilda;Mustapha
Charla;Minna
Edwyna;Sveta
Alicia;Nkruma
Gretta;Nkruma
Bahija;Nelya
Sharma;Zia
Christina;Cressida
Lola;Margarida
Ludmila;Nirvana
Kristina;Zola
Orpa;Pernilla
Hanna;Kristina
Christabella;Felipa
Gretta;Jaana
Alexandrea;Cordula
Hylda;Juliana
Akosua;Janella
Avia;Samba
Andreia;Zola
Amada;Orpa
Lola;Marva
Idrissa;Waheeda
Crina;Sheena
Ola;Tímea
Dorottya;Marajha
Helma;Jolana
Maïssa;Renáta
Azucena;Chandra
Bahija;Orpa
Branislava;Shiva
Alessa;Orinda
Christina;Jayna
Azucena;Marijona
Mariabella;Rózsa
Arjuna;Merla
Khara;Pasqualina
Cecelia;Inga
Azucena;Fenella
Akosua;Floriana
Albertina;Cressida
Duana;Shayla
Anka;Rózsa
Alysha;Piroska
Akosua;Bahija
Catriona;Christabella
Adrianna;Thyra
Branislava;Crina
Nirvana;Ola
Margarida;Miroslava
Albertina;Shana
Anka;Khalifa
Agostina;Yuna
Estella;Ludmila
Avia;Ofélia
Isra;Svetlana
Alessa;Mahendra
Amada;Libitina
Cilla;Ludmila
Azucena;Ofra
Ayala;Pasqualina
Edwyna;Nelya
Ofra;Renáta
Dorottya;Maïssa
Elita;Ofélia
Albertina;Hanna
Alicia;Viveka
Amada;Mahendra
Cordula;Elita
Felipa;Laurita
Cordula;Felipa
Alyona;Svetlana
Hanna;Sharma
Florinda;Isra
Alaina;Orpa
Anka;Erika
Duana;Nala
Mahendra;Mustapha
Assumpta;Idrissa
Carla;Helma
Elita;Tamika
Astraea;Concepta
Alyona;Fenella
Gitta;Jolana
Katherina;Waheeda
Avra;Cordula
Alessa;Karina
Idrissa;Rowina
Merla;Mélissa
Edwena;Olivia
Aviva;Olyvia
Albertina;Estella
Branislava;Zia
Charla;Sara
Nelya;Saturnina
Alexandrea;Avia
Fenella;Marijona
Asa;Nirvana
Madonna;Thyra
Chandra;Renáta
Kristina;Mustapha
Libitina;Renáta
Duana;Erika
Alaina;Edwyna
Amada;Thyra
Atiya;Gretta
Ayala;Zella
Dymphna;Ivanna
Mustapha;Sveta
Christina;Marva
Cordula;Idrissa
Florinda;Mahendra
Amada;Karamba
Karamba;Nirvana
Assumpta;Carla
Cordula;Maïssa
Christabella;Mahendra
Hilaria;Kristina
Gaea;Shana
Bahia;Petrona
Laurita;Olyvia
Margarida;Nelya
Helma;Merla
Andréa;Ofra
Cressida;Saturnina
Karina;Pasqualina
Khara;Olyvia
Arjuna;Asa
Atiya;Duana
Assumpta;Catriona
Duana;Sara
Idrissa;Sárika
Corona;Zia
Alissa;Csaba
Astraea;Csaba
Alexandrea;Svetlana
Libitina;Rózsa
Aviva;Zakiyya
Marva;Sara
Karamba;Zola
Florinda;Thyra
Mélissa;Serafima
Alaina;Seona
Carla;Malinda
Cecelia;Cressida
Merla;Zsófika
Asa;Janella
Clotilda;Tímea
Edwena;Maïssa
Felipa;Mahendra
Duana;Jolana
Merla;Ola
Ivanna;Nikoleta
Cecelia;Laurita
Dominga;Gretta
Maïssa;Tímea
Hylda;Märta
Gretta;Orpa
Chita;Mahendra
Bahia;Saturnina
Chita;Laocadia
Bahia;Gitta
Olyvia;Shiva
Fedelma;Zia
Gaea;Marijana
Csaba;Merla
Donaldina;Marijona
Astraea;Harmonia
Harmonia;Rowina
Cecelia;Serafima
Ethna;Gitta
Ottavia;Rózsa
Ayala;Rowina
Azucena;Dorottya
Alicia;Donaldina
Laurita;Thyra
Jolana;Sárika
Christabella;Maïssa
Crina;Marva
Isra;Laurita
Piroska;Yuna
Christina;Jaana
Gretta;Nikoleta
Nkruma;Olyvia
Assumpta;Elita
Juliana;Moyra
Consuela;Harmonia
Foka;Zia
Lela;Nelya
Alaina;Thyra
Nelya;Zola
Azucena;Juliana
Concepta;Nkruma
Giulia;Khalifa
Dorottya;Ofélia
Léa;Milburga
Janella;Kandajha
Karina;Ludmila
Crina;Margarida
Catriona;Sveta
Anka;Florinda
Bahija;Zsófika
Mustapha;Rózsa
Donaldina;Gretta
Hestia;Piroska
Andreia;Asa
Alexandrea;Alicia
Fikriyya;Ruxandra
Nanaia;Olivia
Idrissa;Maïssa
Bahia;Janella
Isra;Orpa
Alicia;Jaana
Clotilda;Csaba
Asa;Laocadia
Bahija;Ottavia
Felipa;Maquinna
Cordula;Rowina
Christabella;Laurita
Charla;Fedelma
Jacinta;Lela
Isra;Manuela
Avra;Yuna
Assumpta;Felipa
Avia;Hestia
Gitta;Saturnina
Marajha;Mustapha
Saturnina;Yuna
Ofra;Ola
Hilaria;Shiva
Chita;Kandajha
Felipa;Pernilla
Florinda;Yuna
Hestia;Jaana
Charla;Rózsa
Laocadia;Margarida
Ayala;Sveta
Agostina;Viveka
Gaea;Gretta
Clotilda;Fenella
Nala;Sveta
Alessa;Irena
Christabella;Jolana
Laurita;Marijana
Amaranta;Clotilda
Fenella;Maquinna
Alexandrea;Maïssa
Assumpta;Sárika
Avia;Ivanna
Karamba;Lidia
Ethna;Zsófika
Bahija;Rowina
Albertina;Clotilda
Arjuna;Dorottya
Lola;Pernilla
Asa;Ofélia
Akosua;Olyvia
Irena;Madonna
Juliana;Zia
Azucena;Irena
Azucena;Margarida
Asa;Libitina
Irena;Ofélia
Amaranta;Karina
Alessa;Giulia
Laocadia;Marijona
Cressida;Fenella
Khalifa;Nelya
Janella;Sonja
Ottavia;Shana
Edwena;Nelya
Maïssa;Meliora
Gretta;Marva
Christabella;Helma
Saturnina;Zakiyya
Mustapha;Tamika
Khara;Seona
Carla;Sharma
Crina;Gaea
Chita;Christina
Floriana;Merla
Alysha;Kandajha
Ofélia;Tímea
Ivanna;Marijona
Cilla;Petunia
Gitta;Libitina
Isra;Khalifa
Dymphna;Libitina
Bahia;Zia
Almudena;Margarida
Cilla;Orinda
Jaana;Ofélia
Léa;Olyvia
Cecelia;Yuna
Assumpta;Isra
Isra;Rózsa
Gretta;Maquinna
Clotilda;Jolana
Avra;Manuela
Mustafa;Petunia
Andréa;Léa
Khara;Orinda
Edwyna;Zsófika
Alaina;Avra
Albertina;Azucena
Clotilda;Nikoleta
Jaana;Sveta
Bahija;Minna
Karina;Sharma
Karamba;Serafima
Alysha;Cilla
Kandajha;Svetlana
Dominga;Laurita
Karamba;Moyra
Dorottya;Marijona
Alessa;Corona
Elita;Marva
Ayala;Consuela
Pasqualina;Serafima
Felipa;Mélissa
Pierina;Sara
Cordula;Rózsa
Maïssa;Serafima
Lovisa;Marva
Dorottya;Ola
Mustapha;Piroska
Chita;Maïssa
Ayala;Karina
Ola;Thyra
Jaana;Sara
Karamba;Pernilla
Carla;Crina
Edwyna;Khalifa
Helma;Jaana
Crina;Marijana
Astraea;Fedelma
Jolana;Marijana
Friðrika;Pernilla
Orpa;Shayla
Jaana;Moyra
Gretta;Tamika
Serafima;Shoshana
Edwyna;Merla
Felipa;Margarida
Ghaliya;Marva
Libitina;Mustapha
Erika;Merla
Floriana;Olyvia
Helma;Janella
Assumpta;Bahija
Harmonia;Marva
Bahija;Petunia
Karina;Renáta
Juliana;Laocadia
Andreia;Mustapha
Sharma;Zola
Laocadia;Rózsa
Hylda;Zella
Alysha;Karina
Karina;Nirvana
Lela;Ofra
Jolana;Karina
Nirvana;Orpa
Felipa;Perdita
Fenella;Renáta
Foka;Zakiyya
Carla;Lola
Florinda;Hylda
Isra;Serafima
Marijana;Petunia
Carla;Milburga
Margarida;Meliora
Christina;Khalifa
Amaranta;Svetlana
Ruxandra;Shana
Anka;Karina
Nala;Rózsa
Alexandrea;Sveta
Mahendra;Thyra
Alexandrea;Asa
Duana;Zia
Albertina;Hestia
Hylda;Mahendra
Alysha;Juliana
Arjuna;Pernilla
Dominga;Laocadia
Milburga;Serafima
Gaea;Nirvana
Cecelia;Florinda
Laocadia;Léa
Corona;Sárika
Carla;Cecelia
Gaea;Ludmila
Alessa;Catriona
Marajha;Zakiyya
Azucena;Lola
Charla;Nikoleta
Gaea;Kristina
Agostina;Mélissa
Agostina;Florinda
Alicia;Maïssa
Rowina;Viveka
Isra;Laocadia
Charla;Karina
Avra;Volya
Mustafa;Rózsa
Lidia;Maquinna
Azucena;Minna
Karina;Petrona
Ofra;Pasqualina
Donaldina;Nala
Ofra;Shana
Piroska;Zsófika
Concepta;Rowina
Mustafa;Svetlana
Nala;Viveka
Alysha;Marva
Christina;Foka
Chita;Orinda
Erika;Giulia
Adrianna;Cordula
Assumpta;Branislava
Nelya;Ofélia
Alysha;Manuela
Hestia;Milburga
Fedelma;Janella
Anka;Sharma
Maïssa;Miranda
Ghaliya;Petrona
Andreia;Meliora
Pasqualina;Sharma
Fikriyya;Khara
Amaranta;Catriona
Andreia;Laurita
Miroslava;Nelya
Christina;Ludmila
Astraea;Mustapha
Fedelma;Jyotsna
Albertina;Miranda
Avia;Nkruma
Erika;Olivia
Mélissa;Ofra
Azucena;Bahija
Cordula;Nirvana
Merla;Mustapha
Astraea;Zola
Morana;Ofélia
Mélissa;Nkruma
Akosua;Albertina
Alaina;Jacinta
Maïssa;Nirvana
Hilaria;Petunia
Adrianna;Pasqualina
Miranda;Yuna
Merla;Mustafa
Alysha;Seona
Florinda;Piroska
Alyona;Jolana
Kandajha;Khara
Alaina;Zia
Ayala;Giulia
Cordula;Ola
Nikoleta;Serafima
Laurita;Nelya
Jyotsna;Lidia
Hestia;Meliora
Elita;Rózsa
Laocadia;Ofélia
Léa;Ola
Alysha;Ivanna
Hanna;Piroska
Giulia;Ludmila
Hilaria;Marijana
Charla;Yuna
Christabella;Serafima
Jacinta;Sharma
Constancia;Svetlana
Assumpta;Piroska
Concepta;Nikoleta
Libitina;Zakiyya
Carla;Felipa
Christina;Edwyna
Aviva;Edwyna
Charla;Crina
Felipa;Shiva
Giulia;Karina
Chita;Rowina
Bahia;Yuna
Foka;Helma
Maïssa;Ofélia
Aviva;Irena
Mahendra;Sonja
Edwyna;Marijana
Ayala;Dymphna
Hilaria;Sárika
Jolana;Mahendra
Anka;Svetlana
Alexandrea;Tímea
Gaea;Sara
Andréa;Asa
Harmonia;Thyra
Helma;Kendra
Cordula;Edwyna
Azucena;Shana
Hestia;Sárika
Alexandrea;Amaranta
Anka;Donaldina
Estella;Nikoleta
Christina;Merla
Alysha;Ofra
Azucena;Piroska
Chita;Donaldina
Asa;Nelya
Eadburga;Ofra
Florinda;Shiva
Ethna;Laocadia
Laocadia;Ruxandra
Azucena;Isra
Jayna;Sharma
Gratia;Sara
Crina;Ludmila
Alysha;Fenella
Agostina;Charla
Amaranta;Gaea
Kristina;Miranda
Akosua;Marva
Karina;Svetlana
Ottavia;Petrona
Gitta;Zakiyya
Marva;Nikoleta
Lola;Tamika
Corona;Dominga
Amaranta;Shana
Chita;Nirvana
Amada;Sharma
Christabella;Christina
Nelya;Samba
Irena;Moyra
Ofra;Zakiyya
Renáta;Zsófika
Alexandrea;Piroska
Avra;Nikoleta
Consuela;Mustafa
Alyona;Astraea
Alyona;Jaana
Nelya;Zia
Avia;Felipa
Mélissa;Nelya
Charla;Milburga
Duana;Svetlana
Kristina;Ola
Jacinta;Petrona
Isra;Libitina
Bahija;Christabella
Hilaria;Marva
Felipa;Shana
Ofélia;Viveka
Eadburga;Khara
Mustapha;Zakiyya
Dominga;Lidia
Anka;Renáta
Avia;Hanna
Laocadia;Nirvana
Edwena;Margarida
Hilaria;Janella
Aviva;Dominga
Gracia;Mustapha
Foka;Jolana
Ofra;Zia
Astraea;Svetlana
Gaea;Gaia
Arjuna;Perdita
Alexandrea;Carla
Elita;Tímea
Fadia;Fikriyya
Lela;Tímea
Corona;Pierina
Ivanna;Ola
Adjoa;Nelya
Giulia;Irena
Margarida;Rowina
Andreia;Khara
Assumpta;Donaldina
Hilaria;Léa
Astraea;Renáta
Hilaria;Nanaia
Avra;Petrona
Amada;Edwena
Florinda;Jaana
Mélissa;Orpa
Charla;Juliana
Branislava;Elita
Florinda;Hestia
Agostina;Orpa
Jolana;Yuna
Duana;Lola
Crina;Kendra
Chita;Kristina
Marajha;Sheena
Juliana;Lola
Khalifa;Ofélia
Gratia;Karamba
Catriona;Irena
Morana;Thyra
Catriona;Florinda
Gretta;Hestia
Carla;Clotilda
Agostina;Gitta
Dorottya;Rózsa
Dominga;Rowina
Florinda;Sárika
Malinda;Pasqualina
Giulia;Ola
Hanna;Irena
Mustafa;Zakiyya
Chita;Zsófika
Azucena;Sharma
Jacinta;Pasqualina
Astraea;Jolana
Crina;Meliora
Cecelia;Felipa
Edwyna;Minna
Märta;Ruxandra
Alicia;Nikoleta
Karamba;Zsófika
Idrissa;Merita
Alyona;Lola
Ethna;Lola
Crina;Nanaia
Meliora;Nelya
Merla;Ottavia
Azucena;Khalifa
Mustapha;Zola
Corona;Renáta
Libitina;Seona
Almudena;Pasqualina
Cressida;Mahendra
Ludmila;Pernilla
Cressida;Mélissa
Alessa;Florinda
Christina;Thyra
Cilla;Irena
Andréa;Ruxandra
Agostina;Rowina
Alyssia;Ofra
Gaia;Sárika
Dominga;Svetlana
Nelya;Pernilla
Fedelma;Nkruma
Dorottya;Katherina
Assumpta;Mustapha
Assumpta;Nala
Maïssa;Morana
Ayala;Libitina
Csaba;Hanna
Alyona;Florinda
Karamba;Mélissa
Morana;Yuna
Catriona;Charla
Andreia;Catriona
Khara;Marijona
Ivanna;Ofra
Elita;Libitina
Atiya;Nelya
Aviva;Laurita
Atiya;Floriana
Nanaia;Sonja
Karina;Märta
Kandajha;Marva
Assumpta;Avia
Janella;Ludmila
Albertina;Sara
Alexandrea;Ayala
Giulia;Shana
Floriana;Nanaia
Alicia;Yuna
Hadja;Thyra
Estella;Pernilla
Albertina;Helma
Idrissa;Minna
Bahia;Carla
Foka;Zola
Mahendra;Ola
Khara;Serafima
Ivanna;Morana
Alaina;Csaba
Chita;Nelya
Idrissa;Moyra
Fedelma;Orpa
Idrissa;Tamika
Agostina;Moyra
Bahija;Gretta
Assumpta;Léa
Margarida;Orpa
Dorottya;Petunia
Ayala;Constancia
Avia;Nikoleta
Kristina;Mustafa
Ludmila;Tímea
Jolana;Marva
Corona;Lola
Libitina;Pasqualina
Branislava;Nelya
Carla;Olyvia
Andréa;Corona
Fenella;Nirvana
Gaea;Petrona
Merla;Orpa
Albertina;Florinda
Hestia;Waheeda
Fadia;Terezinha
Asa;Bahija
Felipa;Madonna
Léa;Zakiyya
Libitina;Moyra
Albertina;Christina
Edwyna;Hestia
Alyona;Karamba
Piroska;Svetlana
Juliana;Terezinha
Concepta;Florinda
Bahija;Kandajha
Kustaa;Ofélia
Alyona;Nirvana
Elita;Merla
Khalifa;Serafima
Hanna;Zia
Alyona;Marijana
Astraea;Irena
Chita;Zakiyya
Edwyna;Morana
Assumpta;Edwena
Gaea;Nkruma
Asa;Fedelma
Akosua;Foka
Carla;Petunia
Carla;Maquinna
Hanna;Isra
Corona;Nikoleta
Ayala;Dorottya
Asa;Cecelia
Catriona;Seona
Bahija;Piroska
Merla;Ofra
Gretta;Laurita
Mahendra;Nala
Avra;Laurita
Avia;Lela
Christina;Malinda
Agostina;Zola
Laurita;Zola
Idrissa;Piroska
Laurita;Marijona
Kendra;Meliora
Christabella;Tamika
Arjuna;Hylda
Aviva;Karamba
Cordula;Hanna
Milburga;Ofra
Chita;Margarida
Corona;Kandajha
Dominga;Hylda
Andréa;Floriana
Maquinna;Olivia
Kandajha;Viveka
Edwyna;Florinda
Branislava;Isra
Astraea;Chandra
Milburga;Minna
Marijana;Ofélia
Andréa;Mustapha
Clotilda;Katherina
Donaldina;Petunia
Ethna;Libitina
Crina;Thyra
Atiya;Lola
Fenella;Ola
Seona;Tamika
Clotilda;Gaea
Gratia;Ola
Consuela;Dominga
Karamba;Merla
Anka;Irena
Azucena;Pasqualina
Florinda;Gitta
Orinda;Orpa
Andréa;Hanna
Elita;Petunia
Cilla;Idrissa
Ayala;Ludmila
Avia;Zsófika
Charla;Ofra
Floriana;Libitina
Fikriyya;Meliora
Florinda;Morana
Arjuna;Piroska
Albertina;Floriana
Ofra;Shiva
Alaina;Merita
Ethna;Gaea
Christina;Ofélia
Florinda;Katherina
Idrissa;Mustapha
Andreia;Hanna
Floriana;Sharma
Lela;Yuna
Anka;Maquinna
Carla;Mahendra
Adjoa;Csaba
Jolana;Nanaia
Mahendra;Zella
Florinda;Friðrika
Bahija;Hanna
Janella;Olivia
Fikriyya;Zsófika
Carla;Juliana
Gretta;Hanna
Carla;Ottavia
Andreia;Malinda
Cordula;Tímea
Ayala;Laurita
Fedelma;Samba
Anka;Karamba
Almudena;Corona
Astraea;Laocadia
Cressida;Elita
Lidia;Marijona
Akosua;Karamba
Carla;Laurita
Nala;Svetlana
Adjoa;Asa
Nikoleta;Petrona
Merla;Nkruma
Gracia;Ola
Orpa;Zakiyya
Karamba;Petrona
Crina;Jaana
Andréa;Mélissa
Khara;Sharma
Fadia;Hilaria
Avia;Helma
Albertina;Donaldina
Bahija;Serafima
Helma;Lovisa
Avia;Yuna
Edwena;Ludmila
Bahia;Gaea
Chandra;Zia
Concepta;Sveta
Amaranta;Assumpta
Donaldina;Maïssa
Khara;Piroska
Friðrika;Laocadia
Alyona;Shayla
Csaba;Estella
Khara;Olivia
Dorottya;Florinda
Meliora;Pasqualina
Ofra;Serafima
Christina;Meliora
Nirvana;Piroska
Laurita;Milburga
Isra;Marijona
Estella;Milburga
Jayna;Kristina
Nirvana;Rózsa
Maquinna;Pasqualina
Avra;Foka
Fedelma;Renáta
Estella;Seona
Alexandrea;Ofélia
Eadburga;Mélissa
Duana;Maïssa
Albertina;Karina
Janella;Tamika
Foka;Orpa
Hanna;Hestia
Fedelma;Mahendra
Atiya;Giulia
Jolana;Zakiyya
Florinda;Seona
Agostina;Asa
Jaana;Ola
Hanna;Petunia
Albertina;Renáta
Gaia;Waheeda
Hilaria;Seona
Alysha;Marijona
Andreia;Marva
Akosua;Ivanna
Assumpta;Orinda
Alexandrea;Marajha
Merla;Nelya
Asa;Marijona
Gretta;Juliana
Felipa;Orpa
Laurita;Sveta
Cordula;Märta
Nirvana;Samba
Malinda;Rowina
Astraea;Perdita
Akosua;Léa
Mahendra;Tamika
Bahija;Nirvana
Christabella;Pasqualina
Arjuna;Branislava
Corona;Hadja
Jolana;Mélissa
Christabella;Isra
Mustafa;Ottavia
Amaranta;Christina
Avia;Lola
Avia;Donaldina
Chandra;Charla
Constancia;Merla
Nala;Zsófika
Amaranta;Milburga
Christabella;Fedelma
Azucena;Mustapha
Kristina;Léa
Chandra;Thyra
Dorottya;Hylda
Cecelia;Giulia
Märta;Yuna
Andréa;Lidia
Adrianna;Sárika
Laocadia;Shana
Elita;Marajha
Cecelia;Cordula
Mahendra;Sharma
Florinda;Hilaria
Fenella;Hanna
Bahia;Cecelia
Charla;Csaba
Assumpta;Dominga
Christina;Khara
Nanaia;Pernilla
Ofra;Pierina
Alexandrea;Morana
Maïssa;Sharma
Ola;Seona
Marijona;Minna
Idrissa;Karamba
Dymphna;Viveka
Gaea;Hanna
Donaldina;Ivanna
Isra;Yuna
Morana;Pasqualina
Juliana;Nkruma
Andreia;Serafima
Karamba;Maïssa
Assumpta;Kendra
Khara;Pernilla
Avra;Gretta
Chita;Foka
Jolana;Ofra
Corona;Ghaliya
Corona;Shana
Gaea;Thyra
Foka;Maïssa
Khalifa;Tamika
Bahia;Ivanna
Alaina;Zola
Helma;Janika
Arjuna;Idrissa
Charla;Petunia
Fenella;Svetlana
Arjuna;Terezinha
Morana;Nelya
Bahia;Moyra
Nanaia;Zia
Agostina;Libitina
Rózsa;Sara
Andréa;Ludmila
Chita;Marijona
Jaana;Maquinna
Christina;Harmonia
Cecelia;Marijona
Florinda;Giulia
Dymphna;Jacinta
Consuela;Yuna
Ofra;Petrona
Azucena;Ola
Edwyna;Janella
Avra;Fedelma
Ethna;Meliora
Alexandrea;Assumpta
Ethna;Petunia
Ivanna;Mustapha
Erika;Pernilla
Helma;Hilaria
Khara;Thyra
Atiya;Sonja
Asa;Chandra
Meliora;Svetlana
Alaina;Laurita
Ola;Sara
Crina;Ola
Asa;Karamba
Akosua;Asa
Hilaria;Shayla
Gretta;Serafima
Alessa;Juliana
Isra;Morana
Giulia;Orpa
Petunia;Waheeda
Christina;Ola
Edwyna;Märta
Agostina;Nirvana
Astraea;Marajha
Anka;Ruxandra
Clotilda;Laocadia
Friðrika;Ottavia
Alysha;Clotilda
Katherina;Laocadia
Dominga;Foka
Meliora;Morana
Jayna;Nelya
Marijona;Zakiyya
Marijona;Ofélia
Charla;Dorottya
Alyona;Maquinna
Pasqualina;Sárika
Crina;Hilaria
Charla;Khara
Alysha;Edwyna
Harmonia;Khara
Hestia;Sharma
Akosua;Ofélia
Gaea;Sárika
Fikriyya;Manuela
Ofélia;Piroska
Alysha;Dorottya
Hanna;Moyra
Libitina;Perdita
Andreia;Assumpta
Alexandrea;Gitta
Catriona;Pasqualina
Dominga;Moyra
Chita;Pernilla
Orinda;Pernilla
Eadburga;Hestia
Atiya;Karina
Agostina;Carla
Maquinna;Nirvana
Alessa;Ethna
Hylda;Ofélia
Hestia;Zakiyya
Edwyna;Ivanna
Nikoleta;Rózsa
Anka;Gracia
Marva;Nirvana
Lovisa;Pernilla
Sharma;Shiva
Mélissa;Sárika
Alysha;Ottavia
Estella;Zia
Moyra;Thyra
Chita;Jaana
Maïssa;Saturnina
Andréa;Avia
Erika;Ludmila
Alicia;Catriona
Hylda;Ofra
Azucena;Svetlana
Avia;Gaea
Florinda;Nelya
Anka;Charla
Hilaria;Saturnina
Nelya;Zakiyya
Maïssa;Petunia
Gaea;Viveka
Merla;Zakiyya
Libitina;Petrona
Lola;Sveta
Dorottya;Pierina
Edwyna;Thyra
Arjuna;Petrona
Azucena;Hilaria
Andréa;Aviva
Margarida;Milburga
Morana;Ruxandra
Bahija;Ofélia
Fikriyya;Jaana
Adrianna;Mahendra
Jaana;Thyra
Anka;Ottavia
Libitina;Rowina
Foka;Janella
Corona;Zsófika
Andreia;Saturnina
Alysha;Floriana
Petunia;Viveka
Alicia;Piroska
Clotilda;Hestia
Alaina;Charla
Idrissa;Seona
Helma;Piroska
Cordula;Nkruma
Bahija;Waheeda
Constancia;Zola
Nkruma;Pasqualina
Karamba;Pasqualina
Harmonia;Miranda
Moyra;Sárika
Merla;Sárika
Christina;Serafima
Idrissa;Ivanna
Catriona;Nanaia
Irena;Isra
Volya;Zsófika
Adrianna;Corona
Alessa;Yuna
Jolana;Svetlana
Carla;Harmonia
Cordula;Moyra
Almudena;Lidia
Asa;Sharma
Hylda;Merla
Hilaria;Mélissa
Avra;Zsófika
Fenella;Nikoleta
Azucena;Corona
Kristina;Margarida
Arjuna;Aviva
Ola;Zsófika
Ivanna;Laurita
Lola;Viveka
Amaranta;Astraea
Csaba;Viveka
Felipa;Märta
Gaea;Giulia
Alessa;Dominga
Khara;Sara
Nelya;Orpa
Ghaliya;Idrissa
Cressida;Ofélia
Hestia;Karamba
Gaea;Hestia
Bahia;Clotilda
Amaranta;Mustafa
Giulia;Terezinha
Seona;Sharma
Morana;Sharma
Merla;Petunia
Foka;Marijona
Carla;Thyra
Alysha;Orpa
Hylda;Mélissa
Charla;Donaldina
Astraea;Sveta
Astraea;Jacinta
Olyvia;Sara
Azucena;Kandajha
Alysha;Gretta
Almudena;Janella
Akosua;Moyra
Ofra;Rózsa
Dorottya;Felipa
Hanna;Marva
Marijona;Mustapha
Dymphna;Minna
Bahia;Sara
Minna;Rózsa
Libitina;Marijona
Amada;Christina
Agostina;Arjuna
Marajha;Marijona
Astraea;Lela
Maquinna;Sara
Mélissa;Roxana
Erika;Maïssa
Bahia;Bahija
Astraea;Hestia
Assumpta;Renáta
Christina;Karina
Avia;Rowina
Concepta;Zola
Florinda;Ofra
Corona;Gaea
Alaina;Albertina
Piroska;Viveka
Astraea;Sharma
Christina;Juliana
Agostina;Maquinna
Alyona;Ofra
Dorottya;Kendra
Edwyna;Rowina
Andréa;Rózsa
Nelya;Petrona
Orinda;Viveka
Crina;Dominga
Karamba;Maquinna
Mahendra;Rózsa
Cecelia;Meliora
Gratia;Jaana
Cressida;Mustafa
Floriana;Maquinna
Felipa;Jaana
Avia;Minna
Margarida;Rózsa
Adrianna;Duana
Chita;Ottavia
Anka;Fedelma
Hestia;Petrona
Fedelma;Zella
Albertina;Mustafa
Merita;Olivia
Ivanna;Manuela
Arjuna;Azucena
Lela;Sárika
Catriona;Moyra
Karamba;Nkruma
Cecelia;Tamika
Carla;Constancia
Pernilla;Saturnina
Gaea;Shiva
Astraea;Ofra
Marijana;Petrona
Duana;Minna
Chita;Christabella
Jacinta;Minna
Amaranta;Bahija
Andréa;Assumpta
Alysha;Tamika
Hylda;Ola
Dorottya;Nikoleta
Carla;Duana
Nirvana;Olyvia
Juliana;Morana
Constancia;Ofra
Maquinna;Piroska
Alaina;Foka
Giulia;Kandajha
Edwyna;Hilaria
Alysha;Meliora
Lela;Margarida
Alexandrea;Terezinha
Merla;Moyra
Christina;Fenella
Minna;Nirvana
Katherina;Piroska
Janella;Nala
Astraea;Saturnina
Crina;Ofra
Corona;Karina
Marijona;Moyra
Donaldina;Piroska
Fedelma;Laocadia
Akosua;Jolana
Ayala;Edwena
Crina;Edwyna
Orpa;Renáta
Constancia;Gaia
Amada;Sveta
Gratia;Helma
Clotilda;Hilaria
Azucena;Mahendra
Alicia;Ayala
Giulia;Madonna
Akosua;Amaranta
Alyona;Alysha
Agostina;Mustapha
Anka;Avia
Nkruma;Svetlana
Florinda;Ivanna
Ludmila;Minna
Alexandrea;Laocadia
Azucena;Pernilla
Aviva;Florinda
Andréa;Saturnina
Donaldina;Pasqualina
Hanna;Zakiyya
Kandajha;Karina
Karina;Ottavia
Alexandrea;Gaea
Andréa;Maquinna
Olivia;Serafima
Petrona;Serafima
Ayala;Jaana
Alyona;Christina
Maquinna;Serafima
Avia;Idrissa
Mustafa;Zsófika
Ayala;Marijana
Maquinna;Ofélia
Janella;Nelya
Svetlana;Terezinha
Carla;Zakiyya
Dorottya;Giulia
Maquinna;Ofra
Fenella;Seona
Giulia;Ofra
Constancia;Petrona
Ayala;Sara
Helma;Viveka
Idrissa;Thyra
Amaranta;Constancia
Dymphna;Svetlana
Nirvana;Pernilla
Cressida;Ottavia
Giulia;Laurita
Edwyna;Meliora
Dorottya;Gaea
Charla;Ethna
Jaana;Karamba
Andreia;Chita
Katherina;Zola
Agostina;Sárika
Lela;Nkruma
Assumpta;Nikoleta
Andréa;Juliana
Jayna;Mahendra
Estella;Karina
Irena;Nirvana
Libitina;Sárika
Amaranta;Edwena
Giulia;Nanaia
Dymphna;Ofra
Ofélia;Zsófika
Libitina;Svetlana
Almudena;Jacinta
Märta;Ofra
Alyona;Hanna
Bahija;Cordula
Jacinta;Orpa
Estella;Idrissa
Christina;Maquinna
Corona;Marijana
Christabella;Margarida
Edwyna;Ola
Irena;Seona
Atiya;Laocadia
Astraea;Serafima
Azucena;Ofélia
Constancia;Marijana
Chita;Rózsa
Alysha;Catriona
Ofra;Sveta
Corona;Pernilla
Jacinta;Piroska
Khara;Lovisa
Marajha;Sara
Svetlana;Zsófika
Alyona;Avia
Amaranta;Merla
Alyona;Sara
Olivia;Svetlana
Alessa;Gaea
Sharma;Sonja
Marijona;Ruxandra
Lola;Moyra
Karina;Marajha
Rama;Rowina
Assumpta;Fenella
Erika;Nkruma
Kendra;Miroslava
Khara;Ofélia
Libitina;Merla
Amaranta;Helma
Nkruma;Ofra
Gitta;Sárika
Christabella;Sharma
Gretta;Nanaia
Avia;Pernilla
Alexandrea;Zia
Ayala;Azucena
Hanna;Saturnina
Florinda;Zia
Malinda;Meliora
Andréa;Malinda
Christina;Renáta
Laocadia;Minna
Alaina;Orinda
Fenella;Lola
Andréa;Maïssa
Giulia;Ofélia
Estella;Lela
Charla;Idrissa
Ruxandra;Sonja
Charla;Hanna
Malinda;Thyra
Lela;Orpa
Alessa;Bahija
Asa;Lidia
Nikoleta;Zsófika
Dymphna;Isra
Akosua;Laocadia
Fadia;Karamba
Almudena;Felipa
Ayala;Merla
Jayna;Sara
Christabella;Kendra
Arjuna;Thyra
Anka;Libitina
Ruxandra;Sara
Gitta;Renáta
Cecelia;Fenella
Nikoleta;Sharma
Olivia;Sharma
Arjuna;Orpa
Arjuna;Rowina
Jolana;Sara
Kristina;Viveka
Avia;Serafima
Lela;Lola
Maquinna;Thyra
Shana;Sárika
Helma;Nirvana
Agostina;Andréa
Charla;Piroska
Christina;Friðrika
Cordula;Hilaria
Karina;Katherina
Carla;Olivia
Katherina;Svetlana
Astraea;Clotilda
Amada;Hylda
Minna;Mélissa
Azucena;Petunia
Corona;Fadia
Andréa;Astraea
Laurita;Zsófika
Miroslava;Renáta
Jyotsna;Malinda
Andreia;Mustafa
Amaranta;Petrona
Gretta;Jayna
Elita;Miranda
Karamba;Petunia
Marva;Zola
Gitta;Miroslava
Akosua;Mélissa
Asa;Viveka
Christabella;Milburga
Hadja;Marijona
Sara;Yuna
Jayna;Laurita
Arjuna;Maïssa
Astraea;Olivia
Branislava;Ottavia
Assumpta;Janella
Avra;Clotilda
Andreia;Christina
Alyona;Maïssa
Alaina;Nikoleta
Bahia;Renáta
Andreia;Kristina
Concepta;Malinda
Gaea;Sharma
Irena;Waheeda
Alaina;Karina
Clotilda;Saturnina
Felipa;Gaea
Duana;Floriana
Madonna;Meliora
Jayna;Maquinna
Ludmila;Yuna
Edwena;Hestia
Catriona;Saturnina
Nelya;Shiva
Nirvana;Pasqualina
Branislava;Ethna
Jolana;Sharma
Andreia;Sharma
Fedelma;Piroska
Avia;Laocadia
Edwyna;Petrona
Nkruma;Pernilla
Ayala;Khara
Felipa;Khara
Hilaria;Zakiyya
Nanaia;Ofélia
Nirvana;Petrona
Elita;Giulia
Minna;Shayla
Bahija;Kristina
Branislava;Hestia
Alaina;Zakiyya
Assumpta;Clotilda
Atiya;Olyvia
Bahija;Morana
Meliora;Shana
Florinda;Marijona
Azucena;Merla
Amaranta;Isra
Ayala;Ethna
Clotilda;Tamika
Helma;Serafima
Kristina;Nikoleta
Agostina;Meliora
Giulia;Maïssa
Bahia;Ola
Eadburga;Gaea
Bahija;Sharma
Nirvana;Ofra
Carla;Gretta
Duana;Nelya
Léa;Sharma
Milburga;Märta
Christabella;Ola
Pasqualina;Sara
Alysha;Anka
Alyona;Seona
Hylda;Milburga
Alysha;Atiya
Manuela;Minna
Alexandrea;Nikoleta
Gaea;Mustapha
Cecelia;Maïssa
Dymphna;Giulia
Dorottya;Edwyna
Concepta;Ofélia
Cordula;Marajha
Minna;Nala
Cilla;Ghaliya
Avra;Dorottya
Kandajha;Maïssa
Cecelia;Svetlana
Khalifa;Ruxandra
Mélissa;Sonja
Eadburga;Marajha
Amaranta;Felipa
Isra;Zakiyya
Bahija;Clotilda
Elita;Lola
Amaranta;Sara
Assumpta;Hadja
Gretta;Yuna
Minna;Tímea
Gretta;Milburga
Arjuna;Hanna
Alyona;Nelya
Libitina;Ofra
Cordula;Maquinna
Andreia;Idrissa
Ethna;Ofra
Dorottya;Estella
Irena;Kristina
Ivanna;Karina
Malinda;Mustafa
Alyona;Anka
Jaana;Lola
Andreia;Nelya
Mustapha;Pasqualina
Anka;Minna
Fenella;Merla
Giulia;Zakiyya
Albertina;Morana
Jolana;Ludmila
Avia;Harmonia
Eadburga;Idrissa
Nikoleta;Sheena
Akosua;Ludmila
Andréa;Ola
Alyssia;Arjuna
Catriona;Gretta
Rózsa;Sharma
Renáta;Rowina
Cecelia;Nelya
Azucena;Manuela
Gaea;Janella
Kendra;Seona
Pasqualina;Shiva
Andréa;Orpa
Milburga;Zsófika
Fenella;Jaana
Avra;Floriana
Albertina;Sveta
Agostina;Janella
Gitta;Miranda
Juliana;Rózsa
Charla;Märta
Edwyna;Manuela
Ofélia;Sharma
Chita;Hanna
Rózsa;Zsófika
Assumpta;Saturnina
Dorottya;Renáta
Nala;Tamika
Carla;Fikriyya
Christina;Rowina
Albertina;Zia
Alessa;Alicia
Christina;Concepta
Idrissa;Margarida
Agostina;Ottavia
Assumpta;Pierina
Avra;Donaldina
Meliora;Milburga
Agostina;Alissa
Giulia;Nirvana
Dymphna;Edwena
Florinda;Maïssa
Crina;Elita
Arjuna;Csaba
Corona;Nkruma
Bahija;Thyra
Florinda;Manuela
Amada;Manuela
Cordula;Ivanna
Estella;Ila
Duana;Ofra
Alysha;Pasqualina
Ayala;Gretta
Erika;Lela
Dominga;Donaldina
Gaea;Karina
Donaldina;Ludmila
Fadia;Nkruma
Khalifa;Libitina
Akosua;Hilaria
Janella;Meliora
Donaldina;Jolana
Fadia;Orpa
Avia;Renáta
Asa;Meliora
Fenella;Sara
Amaranta;Cordula
Avia;Svetlana
Kristina;Laocadia
Andréa;Laocadia
Jacinda;Nirvana
Cordula;Olyvia
Karina;Tímea
Assumpta;Floriana
Dominga;Petrona
Agostina;Dymphna
Chita;Isra
Christina;Ofra
Moyra;Olivia
Constancia;Laurita
Moyra;Shana
Azucena;Laocadia
Laurita;Madonna
Azucena;Ivanna
Irena;Karina
Amaranta;Pernilla
Astraea;Christina
Khara;Nirvana
Anka;Christabella
Assumpta;Charla
Marijona;Nelya
Floriana;Janella
Cecelia;Ludmila
Florinda;Rózsa
Edwena;Janella
Albertina;Amaranta
Amaranta;Ofélia
Svetlana;Sárika
Florinda;Minna
Helma;Rózsa
Ethna;Janella
Estella;Fenella
Azucena;Renáta
Astraea;Constancia
Laocadia;Tímea
Bahija;Helma
Amada;Pasqualina
Libitina;Pernilla
Ofra;Olyvia
Cilla;Jayna
Carla;Mustafa
Alyona;Fedelma
Concepta;Manuela
Karamba;Ola
Alicia;Edwyna
Marva;Ofra
Felipa;Floriana
Agostina;Avia
Karina;Mustafa
Ghaliya;Nirvana
Cordula;Gaea
Ludmila;Seona
Akosua;Shayla
Fadia;Marva
Harmonia;Khalifa
Fikriyya;Serafima
Fikriyya;Olyvia
Ludmila;Orpa
Duana;Helma
Anka;Ethna
Elita;Rowina
Nanaia;Ottavia
Laurita;Ofra
Cordula;Shayla
Alaina;Jayna
Alyona;Cecelia
Anka;Zola
Kendra;Marijana
Elita;Mustafa
Lola;Seona
Charla;Rowina
Cilla;Jyotsna
Ayala;Viveka
Gitta;Yuna
Estella;Sara
Christabella;Rózsa
Anka;Clotilda
Asa;Hestia
Floriana;Orpa
Catriona;Marajha
Assumpta;Csaba
Alyona;Mélissa
Cecelia;Gretta
Felipa;Tímea
Rowina;Rózsa
Carla;Chandra
Assumpta;Katherina
Gitta;Marva
Janella;Rowina
Janella;Léa
Asa;Svetlana
Karina;Seona
Gaea;Mahendra
Elita;Zsófika
Asa;Elita
Ayala;Donaldina
Gratia;Mahendra
Minna;Serafima
Consuela;Nelya
Dominga;Ola
Nikoleta;Pernilla
Hilaria;Zsófika
Sara;Viveka
Clotilda;Shayla
Giulia;Hylda
Adjoa;Gaea
Alysha;Amada
Christina;Lola
Chita;Mustapha
Cordula;Kristina
Alexandrea;Ottavia
Maquinna;Maïssa
Alaina;Erika
Donaldina;Milburga
Charla;Orpa
Eadburga;Jaana
Andreia;Carla
Idrissa;Orpa
Gretta;Pernilla
Assumpta;Mahendra
Moyra;Viveka
Andréa;Gaea
Cordula;Helma
Jolana;Juliana
Amada;Rózsa
Cressida;Svetlana
Serafima;Sonja
Asa;Merla
Ivanna;Merla
Clotilda;Hanna
Avia;Janella
Hilaria;Jaana
Asa;Mahendra
Concepta;Zsófika
Lola;Sara
Sveta;Zsófika
Bahia;Meliora
Avia;Viveka
Astraea;Morana
Branislava;Serafima
Gretta;Sharma
Alexandrea;Idrissa
Harmonia;Milburga
Amada;Ofra
Gaea;Zella
Edwena;Felipa
Alexandrea;Mahendra
Miroslava;Orpa
Léa;Orinda
Csaba;Gretta
Eadburga;Hilaria
Crina;Rowina
Isra;Shoshana
Alysha;Libitina
Arjuna;Dymphna
Janella;Mahendra
Hylda;Nala
Constancia;Florinda
Ethna;Orpa
Andreia;Edwena
Avra;Ola
Fedelma;Felipa
Jayna;Nikoleta
Ethna;Kristina
Fenella;Helma
Juliana;Petunia
Felipa;Lola
Atiya;Gaea
Alysha;Karamba
Christabella;Cordula
Khalifa;Mélissa
Christina;Hylda
Idrissa;Zella
Avra;Marijona
Bahija;Marva
Ottavia;Serafima
Agostina;Zakiyya
Hilaria;Yuna
Dymphna;Foka
Lidia;Sárika
Almudena;Floriana
Avia;Duana
Alysha;Helma
Idrissa;Zakiyya
Fenella;Hilaria
Nanaia;Nkruma
Bahia;Roxana
Marijana;Sveta
Erika;Ivanna
Asa;Märta
Tamika;Zia
Ghaliya;Jayna
Clotilda;Serafima
Albertina;Harmonia
Bahija;Sheena
Gretta;Jyotsna
Constancia;Juliana
Hilaria;Libitina
Gaea;Ivanna
Janella;Margarida
Felipa;Léa
Florinda;Orpa
Assumpta;Khalifa
Charla;Edwena
Serafima;Terezinha
Janella;Zsófika
Crina;Petunia
Sveta;Zia
Chandra;Sárika
Assumpta;Svetlana
Avia;Fenella
Alicia;Cordula
Ethna;Fikriyya
Crina;Léa
Agostina;Hestia
Giulia;Karamba
Idrissa;Viveka
Amaranta;Lola
Alissa;Corona
Pernilla;Sara
Piroska;Shayla
Christina;Waheeda
Csaba;Saturnina
Bahia;Marijona
Marva;Serafima
Nikoleta;Pasqualina
Fadia;Floriana
Christina;Miranda
Assumpta;Hestia
Charla;Maquinna
Estella;Viveka
Mustapha;Svetlana
Mustapha;Ofélia
Lidia;Rózsa
Azucena;Zsófika
Karina;Tamika
Amaranta;Jolana
Janella;Renáta
Azucena;Maïssa
Cordula;Jaana
Giulia;Marva
Karina;Nikoleta
Fadia;Manuela
Alicia;Seona
Gitta;Sonja
Märta;Pernilla
Marijona;Piroska
Christabella;Orpa
Helma;Idrissa
Jolana;Pernilla
Ivanna;Nirvana
Elita;Marijona
Lidia;Merla
Renáta;Rózsa
Rózsa;Svetlana
Léa;Svetlana
Chandra;Jolana
Albertina;Hylda
Fikriyya;Piroska
Felipa;Lela
Avia;Maquinna
Azucena;Mustafa
Sara;Tamika
Andreia;Fedelma
Saturnina;Svetlana
Christina;Viveka
Estella;Libitina
Kandajha;Khalifa
Cecelia;Olivia
Karina;Morana
Asa;Irena
Bahija;Sveta
Agostina;Dorottya
Ivanna;Janella
Fenella;Nelya
Manuela;Seona
Arjuna;Zsófika
Andreia;Katherina
Nirvana;Shoshana
Idrissa;Katherina
Nala;Rowina
Petunia;Zakiyya
Consuela;Zsófika
Moyra;Ola
Fenella;Marva
Andreia;Marijona
Catriona;Corona
Nelya;Nikoleta
Renáta;Sárika
Hilaria;Nelya
Moyra;Ruxandra
Jyotsna;Zsófika
Duana;Fikriyya
Giulia;Sárika
Akosua;Alaina
Carla;Viveka
Edwyna;Helma
Alessa;Idrissa
Donaldina;Tamika
Irena;Katherina
Idrissa;Svetlana
Isra;Kandajha
Cordula;Mustafa
Andreia;Avra
Avia;Ludmila
Hylda;Zola
Merla;Sara
Erika;Khara
Assumpta;Cilla
Cordula;Margarida
Dymphna;Merla
Asa;Constancia
Arjuna;Constancia
Lela;Nanaia
Janella;Ola
Jaana;Marijana
Arjuna;Ludmila
Erika;Ottavia
Agostina;Minna
Thyra;Zakiyya
Orpa;Ottavia
Albertina;Zakiyya
Andreia;Edwyna
Corona;Shiva
Almudena;Léa
Felipa;Olivia
Alexandrea;Ludmila
Jaana;Zsófika
Andreia;Anka
Ayala;Gitta
Andreia;Hestia
Ila;Petrona
Laocadia;Ola
Morana;Nikoleta
Asa;Katherina
Jolana;Mustapha
Hylda;Ottavia
Alysha;Avia
Cressida;Inga
Alysha;Janella
Léa;Moyra
Branislava;Irena
Chandra;Felipa
Duana;Mahendra
Irena;Sharma
Alysha;Csaba
Olyvia;Serafima
Gitta;Lovisa
Andreia;Clotilda
Mustapha;Perdita
Rózsa;Tamika
Marva;Orpa
Chandra;Maquinna
Gaea;Maquinna
Alicia;Jolana
Laurita;Sara
Akosua;Estella
Hanna;Sara
Hanna;Juliana
Marijana;Merla
Corona;Mélissa
Hilaria;Idrissa
Lidia;Maïssa
Irena;Ludmila
Elita;Estella
Chita;Duana
Florinda;Jolana
Ayala;Carla
Akosua;Consuela
Andreia;Olyvia
Christabella;Mélissa
Pasqualina;Shayla
Andréa;Sárika
Chandra;Floriana
Eadburga;Ila
Astraea;Khalifa
Agostina;Jolana
Renáta;Sara
Ayala;Concepta
Ghaliya;Hestia
Cressida;Serafima
Kristina;Serafima
Idrissa;Sharma
Dominga;Nkruma
Albertina;Dymphna
Marijona;Thyra
Gretta;Margarida
Csaba;Tamika
Janella;Merla
Cressida;Florinda
Nikoleta;Svetlana
Hestia;Libitina
Nikoleta;Petunia
Nanaia;Viveka
Chandra;Chita
Alyona;Piroska
Felipa;Nirvana
Amada;Ayala
Agostina;Ivanna
Olyvia;Sveta
Bahia;Dorottya
Karamba;Shiva
Cecelia;Margarida
Sharma;Tamika
Seona;Sveta
Lovisa;Meliora
Alysha;Hilaria
Agostina;Assumpta
Cordula;Dominga
Lidia;Mustapha
Andreia;Olivia
Merla;Serafima
Kristina;Thyra
Eadburga;Ivanna
Ofélia;Shana
Cordula;Olivia
Gaea;Jayna
Carla;Petrona
Seona;Viveka
Sharma;Sárika
Cecelia;Jaana
Cordula;Friðrika
Gratia;Sveta
Charla;Zsófika
Fadia;Viveka
Perdita;Zakiyya
Assumpta;Sara
Karamba;Nanaia
Meliora;Petrona
Catriona;Zia
Bahija;Catriona
Elita;Orpa
Helma;Pasqualina
Andreia;Cecelia
Maquinna;Ola
Chandra;Meliora
Alysha;Rowina
Anka;Nikoleta
Shana;Thyra
Jaana;Milburga
Corona;Giulia
Albertina;Isra
Nkruma;Orpa
Bahia;Estella
Irena;Orpa
Olyvia;Zia
Andreia;Märta
Merla;Nirvana
Cordula;Ruxandra
Bahija;Zakiyya
Amaranta;Ofra
Margarida;Sara
Ofélia;Renáta
Charla;Pernilla
Christina;Zsófika
Hylda;Léa
Amaranta;Piroska
Christina;Dymphna
Minna;Nikoleta
Alessa;Carla
Maquinna;Morana
Amada;Nirvana
Minna;Shiva
Hestia;Marva
Asa;Zakiyya
Carla;Erika
Chita;Dominga
Corona;Nirvana
Constancia;Fikriyya
Harmonia;Karamba
Andréa;Cordula
Catriona;Mélissa
Ayala;Saturnina
Fadia;Hestia
Asa;Gretta
Foka;Mustapha
Astraea;Sonja
Fenella;Mahendra
Floriana;Karina
Gretta;Ofra
Rowina;Sárika
Rowina;Shana
Alexandrea;Jaana
Pernilla;Sveta
Isra;Thyra
Duana;Thyra
Andreia;Ivanna
Ludmila;Tamika
Amada;Petunia
Florinda;Viveka
Assumpta;Gretta
Astraea;Ayala
Marijana;Zakiyya
Fikriyya;Jayna
Gretta;Ruxandra
Olyvia;Petunia
Foka;Nirvana
Kandajha;Shana
Aviva;Serafima
Alaina;Sárika
Kendra;Libitina
Irena;Miroslava
Atiya;Cordula
Manuela;Milburga
Amaranta;Marijana
Erika;Karina
Svetlana;Zia
Avia;Marijona
Nirvana;Rowina
Alaina;Assumpta
Anka;Isra
Foka;Renáta
Cordula;Kendra
Marva;Maïssa
Felipa;Ottavia
Chita;Idrissa
Catriona;Milburga
Sara;Shana
Giulia;Lovisa
Alyona;Estella
Assumpta;Thyra
Rowina;Seona
Katherina;Ofra
Dorottya;Marva
Floriana;Milburga
Cordula;Marva
Mahendra;Seona
Cordula;Piroska
Clotilda;Karina
Foka;Minna
Pernilla;Svetlana
Amada;Laocadia
Edwyna;Karina
Nelya;Olivia
Hanna;Karamba
Ayala;Zsófika
Astraea;Sara
Arjuna;Assumpta
Shiva;Thyra
Charla;Manuela
Gratia;Märta
Albertina;Bahia
Hilaria;Olivia
Alyona;Dorottya
Alessa;Crina
Janella;Nikoleta
Andreia;Milburga
Libitina;Lidia
Isra;Nirvana
Felipa;Jayna
Catriona;Lola
Cordula;Shana
Idrissa;Olivia
Floriana;Moyra
Clotilda;Lola
Hanna;Ludmila
Gretta;Sárika
Csaba;Eadburga
Chita;Meliora
Gaea;Rózsa
Erika;Svetlana
Marijana;Marijona
Felipa;Ola
Clotilda;Elita
Donaldina;Giulia
Catriona;Kristina
Ofélia;Rózsa
Edwyna;Miroslava
Chita;Ludmila
Dominga;Malinda
Chandra;Edwena
Pernilla;Rowina
Marva;Svetlana
Märta;Ola
Hanna;Marajha
Adrianna;Renáta
Andréa;Crina
Alexandrea;Hylda
Alaina;Alysha
Christabella;Olyvia
Alexandrea;Almudena
Anka;Katherina
Charla;Marijana
Eadburga;Kandajha
Corona;Harmonia
Andréa;Cressida
Andreia;Gitta
Gaea;Seona
Gracia;Nirvana
Gretta;Shana
Andréa;Ayala
Hilaria;Mahendra
Jaana;Nikoleta
Arjuna;Ofélia
Azucena;Giulia
Avia;Ottavia
Alaina;Irena
Lola;Ola
Alexandrea;Rowina
Corona;Yuna
Ivanna;Sveta
Alysha;Concepta
Ivanna;Maïssa
Corona;Malinda
Fedelma;Serafima
Fenella;Fikriyya
Amaranta;Sárika
Cordula;Lidia
Gaea;Irena
Alexandrea;Ola
Assumpta;Olyvia
Asa;Hanna
Isra;Sharma
Clotilda;Viveka
Nelya;Piroska
Chandra;Moyra
Hilaria;Hylda
Maïssa;Yuna
Ivanna;Karamba
Elita;Maïssa
Giulia;Kristina
Jacinta;Ofra
Foka;Sara
Bahia;Juliana
Idrissa;Ottavia
Edwyna;Estella
Gaea;Margarida
Shiva;Sárika
Christabella;Dorottya
Assumpta;Petunia
Dominga;Ruxandra
Alissa;Miranda
Kendra;Thyra
Ofélia;Sara
Amada;Orinda
Akosua;Anka
Minna;Pasqualina
Azucena;Sheena
Gratia;Nikoleta
Isra;Petrona
Christabella;Zsófika
Hylda;Nelya
Csaba;Maquinna
Dorottya;Fedelma
Alexandrea;Minna
Gretta;Sara
Petunia;Serafima
Akosua;Clotilda
Helma;Laocadia
Edwyna;Harmonia
Ghaliya;Meliora
Pierina;Sonja
Azucena;Ethna
Arjuna;Olivia
Rózsa;Zakiyya
Agostina;Sara
Elita;Jaana
Atiya;Sharma
Irena;Mustapha
Carla;Piroska
Astraea;Crina
Cordula;Pasqualina
Fedelma;Khara
Gaea;Jolana
Chandra;Mariabella
Idrissa;Nkruma
Avra;Laocadia
Adrianna;Andréa
Foka;Shayla
Bahija;Tímea
Clotilda;Sara
Karamba;Marva
Corona;Miranda
Janella;Saturnina
Dorottya;Jacinta
Akosua;Zola
Astraea;Shana
Jolana;Maïssa
Alessa;Rowina
Felipa;Marva
Märta;Nikoleta
Cressida;Rowina
Giulia;Orinda
Florinda;Gaea
Branislava;Orpa
Donaldina;Morana
Lola;Petunia
Charla;Mustapha
Libitina;Zia
Chita;Fenella
Kristina;Rózsa
Ola;Piroska
Concepta;Nelya
Harmonia;Marijana
Inga;Märta
Atiya;Laurita
Alysha;Cressida
Cordula;Laocadia
Sonja;Zakiyya
Avia;Jolana
Alexandrea;Dominga
Felipa;Pasqualina
Assumpta;Petrona
Avia;Florinda
Eadburga;Sveta
Gaea;Karamba
Karamba;Karina
Charla;Cordula
Ivanna;Serafima
Albertina;Nirvana
Eadburga;Edwena
Branislava;Fikriyya
Constancia;Ofélia
Edwena;Jaana
Ivanna;Zsófika
Almudena;Sara
Akosua;Eadburga
Chandra;Nelya
Merla;Thyra
Léa;Zola
Maïssa;Shiva
Albertina;Janella
Atiya;Marijona
Amada;Sara
Marijona;Ofra
Azucena;Karamba
Chita;Petunia
Cressida;Karamba
Nikoleta;Sara
Dominga;Duana
Csaba;Mahendra
Astraea;Sárika
Jolana;Ola
Janella;Minna
Dymphna;Marijona
Estella;Miranda
Hestia;Nanaia
Giulia;Nelya
Alyona;Floriana
Alysha;Ofélia
Fadia;Isra
Jayna;Ola
Karamba;Kristina
Andréa;Meliora
Cressida;Nelya
Laocadia;Zsófika
Astraea;Hanna
Nikoleta;Viveka
Hadja;Sharma
Christabella;Sara
Carla;Jacinta
Dorottya;Janella
Carla;Jolana
Christina;Duana
Csaba;Zsófika
Sara;Thyra
Akosua;Isra
Akosua;Dominga
Marajha;Nkruma
Petunia;Sveta
Alicia;Nirvana
Arjuna;Edwyna
Mustafa;Mélissa
Morana;Perdita
Catriona;Elita
Bahia;Minna
Mahendra;Marva
Pasqualina;Svetlana
Dymphna;Khara
Alicia;Andreia
Carla;Margarida
Azucena;Dominga
Clotilda;Nkruma
Dymphna;Malinda
Cressida;Mustapha
Marva;Rowina
Chita;Nikoleta
Katherina;Sara
Jacinta;Mustapha
Foka;Tamika
Aviva;Gitta
Morana;Piroska
Irena;Zakiyya
Csaba;Ofra
Maïssa;Olivia
Asa;Manuela
Alaina;Petunia
Tamika;Thyra
Cordula;Duana
Katherina;Lola
Bahia;Edwyna
Marijona;Nirvana
Marijona;Olivia
Gratia;Serafima
Estella;Merla
Amada;Karina
Alysha;Rózsa
Azucena;Marva
Anka;Sveta
Pernilla;Zsófika
Concepta;Marva
Agostina;Ludmila
Milburga;Svetlana
Consuela;Petrona
Chita;Giulia
Christabella;Zola
Fadia;Ivanna
Branislava;Milburga
Margarida;Zsófika
Albertina;Alysha
Branislava;Pasqualina
Mustapha;Zella
Marva;Sonja
Amaranta;Sharma
Sharma;Terezinha
Chandra;Rowina
Amaranta;Nikoleta
Chandra;Concepta
Bahia;Erika
Giulia;Merla
Amaranta;Tímea
Agostina;Khara
Akosua;Sara
Ghaliya;Marijana
Karamba;Tamika
Csaba;Miroslava
Fikriyya;Lola
Kristina;Morana
Alysha;Shiva
Ola;Ruxandra
Chita;Hestia
Chandra;Pasqualina
Crina;Miranda
Erika;Märta
Rowina;Zola
Floriana;Gretta
Jyotsna;Piroska
Alessa;Erika
Alaina;Tamika
Chandra;Idrissa
Avia;Piroska
Khalifa;Pasqualina
Crina;Minna
Almudena;Kandajha
Milburga;Shiva
Avia;Christina
Charla;Erika
Arjuna;Karina
Marijana;Mélissa
Floriana;Olivia
Concepta;Isra
Giulia;Tamika
Cordula;Isra
Catriona;Ethna
Donaldina;Rózsa
Maïssa;Moyra
Andreia;Ofra
Almudena;Gaea
Azucena;Shiva
Alysha;Serafima
Crina;Zakiyya
Alexandrea;Helma
Dorottya;Gitta
Duana;Petrona
Foka;Ofra
Merla;Ofélia
Jacinta;Sara
Donaldina;Moyra
Madonna;Moyra
Corona;Marijona
Ofélia;Petunia
Csaba;Märta
Bahija;Giulia
Jaana;Rózsa
Mustapha;Zsófika
Charla;Chita
Jolana;Kendra
Alexandrea;Isra
Andreia;Nirvana
Maquinna;Sárika
Amaranta;Chita
Giulia;Sveta
Cecelia;Ofra
Branislava;Charla
Piroska;Zia
Felipa;Hilaria
Dorottya;Jayna
Alysha;Ghaliya
Estella;Zola
Dorottya;Sheena
Arjuna;Florinda
Avra;Madonna
Corona;Juliana
Christina;Shana
Christabella;Ottavia
Bahija;Lela
Concepta;Felipa
Alexandrea;Kandajha
Khara;Laurita
Felipa;Maïssa
Erika;Sara
Cecelia;Tímea
Florinda;Nala
Christabella;Elita
Akosua;Donaldina
Clotilda;Petunia
Fadia;Seona
Helma;Hylda
Alicia;Sárika
Dorottya;Zia
Nikoleta;Renáta
Ludmila;Renáta
Gracia;Rózsa
Friðrika;Merla
Janella;Piroska
Alessa;Marva
Laocadia;Reeta
Dominga;Nirvana
Avia;Ayala
Estella;Gratia
Amada;Elita
Minna;Rowina
Irena;Maïssa
Mahendra;Mélissa
Gaia;Karamba
Lola;Olivia
Dymphna;Saturnina
Asa;Fenella
Agostina;Sheena
Chandra;Isra
Csaba;Mustapha
Léa;Shana
Andréa;Charla
Alissa;Andreia
Erika;Janella
Consuela;Piroska
Elita;Sara
Alessa;Pasqualina
Marijona;Tímea
Cressida;Viveka
Margarida;Viveka
Mélissa;Saturnina
Amaranta;Irena
Donaldina;Märta
Amaranta;Marijona
Alexandrea;Meliora
Cordula;Sharma
Avia;Karamba
Carla;Seona
Ludmila;Olyvia
Cecelia;Laocadia
Alysha;Merla
Concepta;Edwena
Akosua;Orinda
Arjuna;Hilaria
Dymphna;Sveta
Cressida;Marijona
Madonna;Mahendra
Amaranta;Sveta
Andréa;Sara
Gaea;Pasqualina
Florinda;Foka
Fikriyya;Zakiyya
Chandra;Giulia
Asa;Clotilda
Juliana;Merla
Ayala;Hilaria
Nikoleta;Pierina
Hestia;Zia
Corona;Eadburga
Seona;Waheeda
Akosua;Giulia
Consuela;Mustapha
Marva;Nelya
Hanna;Laocadia
Carla;Karina
Helma;Marijana
Mustafa;Ofélia
Anka;Marva
Jayna;Mélissa
Cilla;Nirvana
Avia;Sharma
Christina;Karamba
Lela;Olyvia
Assumpta;Eadburga
Meliora;Zakiyya
Christabella;Orinda
Asa;Kendra
Märta;Tímea
Dorottya;Marijana
Léa;Nikoleta
Alessa;Christabella
Agostina;Tamika
Erika;Lola
Assumpta;Seona
Jacinda;Svetlana
Bahia;Viveka
Cecelia;Csaba
Csaba;Roxana
Alexandrea;Merla
Amaranta;Arjuna
Amaranta;Yuna
Mahendra;Sara
Asa;Hilaria
Janella;Khalifa
Marijona;Renáta
Gaea;Serafima
Catriona;Renáta
Dominga;Fenella
Morana;Rózsa
Clotilda;Mahendra
Lovisa;Sonja
Rowina;Zia
Katherina;Morana
Asa;Marva
Charla;Volya
Christina;Petunia
Laocadia;Ottavia
Margarida;Svetlana
Adjoa;Sharma
Chandra;Clotilda
Margarida;Nkruma
Akosua;Bahia
Edwena;Sveta
Alexandrea;Sárika
Amada;Zsófika
Christina;Fadia
Minna;Sárika
Catriona;Svetlana
Gitta;Karina
Christina;Nirvana
Sveta;Svetlana
Mariabella;Nirvana
Ivanna;Khara
Alyona;Nala
Cordula;Khalifa
Erika;Ofra
Isra;Zia
Erika;Mustapha
Charla;Margarida
Agostina;Floriana
Albertina;Alessa
Erika;Manuela
Helma;Ola
Alexandrea;Florinda
Dymphna;Ofélia
Fadia;Miroslava
Morana;Petunia
Constancia;Tímea
Nanaia;Serafima
Avia;Estella
Alaina;Ayala
Laurita;Renáta
Charla;Foka
Agostina;Clotilda
Fenella;Piroska
Amada;Olyvia
Ludmila;Milburga
Agostina;Branislava
Lela;Marijona
Fikriyya;Hilaria
Chita;Fikriyya
Floriana;Florinda
Carla;Orpa
Hylda;Minna
Bahia;Zakiyya
Minna;Piroska
Charla;Orinda
Dorottya;Sárika
Fadia;Tamika
Carla;Perdita
Avia;Cordula
Cilla;Erika
Asa;Astraea
Alyona;Kandajha
Ivanna;Pierina
Bahija;Khalifa
Kandajha;Karamba
Catriona;Felipa
Alyona;Gaea
Edwyna;Ofélia
Libitina;Piroska
Alexandrea;Chita
Eadburga;Foka
Andréa;Cilla
Felipa;Hestia
Jayna;Orinda
Alicia;Zakiyya
Kandajha;Zsófika
Almudena;Giulia
Corona;Sveta
Andréa;Anka
Florinda;Ludmila
Andréa;Zsófika
Irena;Shayla
Azucena;Christabella
Avia;Orpa
Bahija;Gaea
Ola;Orpa
Alyona;Nkruma
Merla;Nikoleta
Crina;Libitina
Assumpta;Rowina
Arjuna;Cecelia
Avia;Chita
Isra;Karamba
Carla;Cilla
Irena;Serafima
Karina;Pernilla
Hylda;Jolana
Felipa;Zakiyya
Azucena;Constancia
Anka;Tamika
Floriana;Khara
Charla;Lela
Margarida;Ola
Cressida;Felipa
Amaranta;Hestia
Mahendra;Miranda
Assumpta;Orpa
Fedelma;Juliana
Charla;Svetlana
Dorottya;Lidia
Estella;Serafima
Jayna;Serafima
Maïssa;Svetlana
Orinda;Rowina
Nikoleta;Ofélia
Minna;Sharma
Maïssa;Rowina
Léa;Ofra
Gitta;Irena
Felipa;Zia
Erika;Jolana
Lela;Mariabella
Carla;Ivanna
Dymphna;Marva
Charla;Jaana
Alexandrea;Saturnina
Idrissa;Maquinna
Azucena;Hylda
Carla;Sárika
Arjuna;Nelya
Mélissa;Ofélia
Cressida;Karina
Foka;Nelya
Alexandrea;Juliana
Charla;Karamba
Crina;Laocadia
Gracia;Hylda
Ola;Rowina
Janella;Karina
Olyvia;Zsófika
Ludmila;Zakiyya
Catriona;Kendra
Almudena;Alysha
Kendra;Rózsa
Katherina;Mahendra
Alyona;Margarida
Edwyna;Svetlana
Mustafa;Sara
Libitina;Manuela
Donaldina;Mélissa
Amaranta;Miranda
Hilaria;Märta
Jolana;Marijona
Bahia;Morana
Marajha;Ofélia
Arjuna;Janella
Alyona;Azucena
Felipa;Tamika
Idrissa;Nikoleta
Bahija;Karamba
Mahendra;Olivia
Christina;Inga
Fedelma;Harmonia
Laocadia;Maquinna
Marajha;Olyvia
Akosua;Alysha
Pasqualina;Viveka
Avra;Seona
Alexandrea;Fadia
Jolana;Renáta
Branislava;Olyvia
Mélissa;Rózsa
Mustapha;Nala
Kristina;Sheena
Idrissa;Sveta
Marva;Ofélia
Ethna;Nirvana
Adjoa;Zola
Csaba;Nelya
Mahendra;Renáta
Hilaria;Marijona
Asa;Avra
Ludmila;Sárika
Avra;Hestia
Felipa;Mustafa
Petrona;Rowina
Astraea;Nirvana
Nkruma;Shayla
Terezinha;Volya
Astraea;Janella
Libitina;Shana
Avra;Nala
Alissa;Morana
Duana;Shana
Marijona;Orpa
Nirvana;Shana
Anka;Serafima
Pasqualina;Yuna
Agostina;Anka
Orpa;Zia
Alyssia;Malinda
Ottavia;Renáta
Alaina;Märta
Astraea;Felipa
Thyra;Zia
Mustapha;Pernilla
Andréa;Seona
Adjoa;Florinda
Alexandrea;Lola
Libitina;Sonja
Agostina;Alyona
Cressida;Maïssa
Fenella;Waheeda
Karamba;Orpa
Fedelma;Thyra
Marijona;Svetlana
Fenella;Orpa
Christina;Shoshana
Amaranta;Fedelma
Mahendra;Nikoleta
Gretta;Marijona
Eadburga;Orpa
Alyona;Rowina
Karina;Libitina
Eadburga;Fedelma
Anka;Carla
Azucena;Clotilda
Fedelma;Nanaia
Alessa;Bahia
Floriana;Laocadia
Erika;Milburga
Gaea;Kandajha
Fedelma;Seona
Carla;Nkruma
Moyra;Nkruma
Léa;Mustapha
Elita;Jayna
Andréa;Dorottya
Bahia;Mustafa
Amada;Nala
Pernilla;Renáta
Sveta;Thyra
Crina;Mahendra
Rózsa;Shana
Corona;Ofra
Fadia;Mustapha
Malinda;Zola
Orpa;Waheeda
Chandra;Csaba
Alysha;Khalifa
Concepta;Kustaa
Sharma;Yuna
Morana;Zsófika
Florinda;Janella
Akosua;Laurita
Clotilda;Morana
Ayala;Thyra
Jolana;Nelya
Nelya;Seona
Amada;Katherina
Florinda;Petunia
Cilla;Rózsa
Merla;Pasqualina
Estella;Florinda
Azucena;Tímea
Cordula;Cressida
Alexandrea;Fenella
Giulia;Märta
Alicia;Edwena
Alysha;Pernilla
Ayala;Olyvia
Aviva;Märta
Dymphna;Milburga
Fadia;Nala
Foka;Serafima
Erika;Libitina
Eadburga;Margarida
Idrissa;Lola
Hilaria;Khara
Fenella;Sárika
Bahia;Serafima
Maquinna;Nala
Anka;Merla
Anka;Azucena
Isra;Petunia
Arjuna;Crina
Maïssa;Seona
Felipa;Katherina
Alyona;Olivia
Tamika;Tímea
Asa;Laurita
Giulia;Lidia
Hestia;Isra
Floriana;Rowina
Corona;Karamba
Elita;Hylda
Amada;Shana
Bahia;Maïssa
Kandajha;Sárika
Bahija;Zia
Lola;Manuela
Marijana;Nkruma
Erika;Mahendra
Carla;Gitta
Anka;Zella
Edwena;Giulia
Albertina;Ofélia
Janella;Maïssa
Andréa;Piroska
Bahija;Fenella
Margarida;Minna
Jaana;Marva
Dorottya;Ila
Ghaliya;Rózsa
Estella;Olyvia
Khara;Sárika
Fenella;Thyra
Andreia;Lidia
Janika;Kandajha
Madonna;Shiva
Fenella;Serafima
Christabella;Ofra
Azucena;Maquinna
Akosua;Renáta
Christabella;Corona
Meliora;Ofra
Idrissa;Meliora
Marva;Olyvia
Idrissa;Mahendra
Amada;Dominga
Marva;Olivia
Amada;Zia
Ofélia;Saturnina
Ottavia;Terezinha
Amaranta;Zia
Alyona;Irena
Crina;Sárika
Libitina;Maïssa
Agostina;Cordula
Akosua;Chita
Serafima;Zakiyya
Hestia;Thyra
Juliana;Seona
Avia;Mustapha
Akosua;Minna
Anka;Avra
Merla;Pernilla
Albertina;Kristina
Fedelma;Viveka
Albertina;Ayala
Dorottya;Sveta
Marva;Tamika
Isra;Nkruma
Akosua;Madonna
Cressida;Ludmila
Fikriyya;Ofélia
Donaldina;Margarida
Estella;Fikriyya
Jolana;Serafima
Hylda;Tamika
Marajha;Miroslava
Ola;Ottavia
Charla;Nkruma
Milburga;Pernilla
Andreia;Jaana
Karamba;Morana
Clotilda;Marijona
Juliana;Sheena
Arjuna;Ofra
Assumpta;Chandra
Fikriyya;Rózsa
Agostina;Duana
Dominga;Karina
Donaldina;Foka
Alaina;Mahendra
Karina;Rózsa
Edwyna;Giulia
Duana;Ottavia
Dorottya;Nirvana
Giulia;Sheena
Assumpta;Karamba
Albertina;Seona
Eadburga;Estella
Fenella;Tamika
Maquinna;Pernilla
Alexandrea;Karina
Alaina;Petrona
Edwyna;Sárika
Andréa;Marva
Albertina;Hilaria
Ivanna;Zella
Ofélia;Ruxandra
Lovisa;Ofra
Assumpta;Sharma
Azucena;Nikoleta
Morana;Märta
Cilla;Zsófika
Fadia;Shana
Akosua;Kandajha
Alessa;Dymphna
Cordula;Csaba
Avia;Ofra
Ethna;Seona
Avra;Rowina
Asa;Terezinha
Margarida;Sárika
Märta;Orpa
Marijona;Sara
Alicia;Karamba
Alexandrea;Karamba
Karina;Kendra
Assumpta;Florinda
Felipa;Morana
Lola;Nala
Charla;Giulia
Alaina;Avia
Adjoa;Nikoleta
Jolana;Laocadia
Alexandrea;Andréa
Jolana;Lidia
Hylda;Malinda
Alessa;Zakiyya
Karina;Olivia
Alyssia;Seona
Csaba;Ludmila
Hanna;Ola
Meliora;Zsófika
Alysha;Cordula
Hanna;Jaana
Florinda;Margarida
Avia;Corona
Agostina;Amaranta
Jaana;Ludmila
Nirvana;Viveka
Csaba;Dorottya
Olyvia;Orpa
Florinda;Märta
Gaia;Giulia
Alaina;Katherina
Bahia;Karina
Adjoa;Mustapha
Akosua;Avra
Mélissa;Nirvana
Avia;Moyra
Foka;Karamba
Christina;Mahendra
Nikoleta;Waheeda
Cecelia;Mustafa
Alexandrea;Milburga
Ayala;Erika
Isra;Meliora
Akosua;Seona
Elita;Waheeda
Cordula;Thyra
Andréa;Irena
Akosua;Morana
Cecelia;Hylda
Isra;Kristina
Janella;Mustapha
Karamba;Nelya
Christabella;Olivia
Ethna;Mustapha
Foka;Laocadia
Alaina;Maïssa
Chita;Gaea
Lola;Orinda
Petunia;Sárika
Asa;Petunia
Bahia;Cressida
Csaba;Irena
Edwena;Marijona
Agostina;Albertina
Elita;Juliana
Charla;Janella
Andréa;Pasqualina
Floriana;Pernilla
Albertina;Ludmila
Christabella;Shiva
Hylda;Jaana
Hylda;Seona
Azucena;Gaea
Florinda;Helma
Hanna;Minna
Marijona;Maïssa
Bahia;Sveta
Fikriyya;Sara
Friðrika;Serafima
Edwyna;Shana
Consuela;Nala
Gretta;Thyra
Charla;Mahendra
Alysha;Nelya
Mustapha;Serafima
Avia;Maïssa
Hestia;Zsófika
Akosua;Sárika
Edwena;Floriana
Sharma;Zakiyya
Helma;Zakiyya
Marijana;Nala
Maïssa;Viveka
Fadia;Giulia
Akosua;Mustapha
Idrissa;Marijona
Dorottya;Orpa
Libitina;Milburga
Corona;Serafima
Hanna;Hilaria
Csaba;Idrissa
Shoshana;Thyra
Assumpta;Shana
Alissa;Avia
Nkruma;Sonja
Christabella;Karina
Concepta;Perdita
Fenella;Olivia
Khara;Mahendra
Agostina;Cecelia
Dorottya;Mahendra
Merla;Tamika
Alysha;Zia
Alaina;Eadburga
Helma;Nala
Bahija;Chita
Ludmila;Ola
Edwyna;Zia
Bahija;Jaana
Marijana;Miranda
Khara;Marijana
Janika;Nkruma
Morana;Sveta
Lela;Mustapha
Arjuna;Morana
Nelya;Nirvana
Cressida;Hestia
Crina;Lela
Andreia;Erika
Cecelia;Jayna
Agostina;Marijona
Gaea;Tamika
Azucena;Gitta
Petunia;Shayla
Olyvia;Piroska
Shana;Sonja
Akosua;Karina
Azucena;Csaba
Lola;Pasqualina
Margarida;Nikoleta
Cecelia;Mahendra
Maïssa;Sveta
Amaranta;Margarida
Albertina;Kandajha
Cecelia;Nirvana
Kandajha;Mustafa
Ola;Rózsa
Manuela;Ottavia
Ofra;Orinda
Merla;Pierina
Ofélia;Orpa
Donaldina;Gratia
Csaba;Rózsa
Corona;Crina
Dominga;Ivanna
Alysha;Kristina
Libitina;Viveka
Irena;Märta
Corona;Helma
Milburga;Sharma
Alaina;Sonja
Carla;Rowina
Avra;Zakiyya
Assumpta;Laocadia
Petrona;Rózsa
Anka;Ofélia
Carla;Mélissa
Duana;Zakiyya
Akosua;Alyona
Nikoleta;Ottavia
Florinda;Kandajha
Alexandrea;Waheeda
Isra;Märta
Milburga;Olivia
Seona;Zia
Laocadia;Nelya
Maquinna;Petunia
Alexandrea;Serafima
Aviva;Lidia
Ludmila;Maquinna
Erika;Ofélia
Lola;Zia
Léa;Sveta
Ludmila;Serafima
Foka;Terezinha
Nikoleta;Sárika
Nirvana;Petunia
Cordula;Jolana
Azucena;Floriana
Alaina;Andreia
Mélissa;Sheena
Alysha;Nanaia
Alessa;Kandajha
Azucena;Elita
Amada;Serafima
Jolana;Reeta
Moyra;Nirvana
Olyvia;Rowina
Milburga;Orinda
Alaina;Laocadia
Karina;Marva
Felipa;Svetlana
Bahija;Shana
Cecelia;Viveka
Hestia;Khara
Pernilla;Zia
Marijana;Nanaia
Corona;Laocadia
Alexandrea;Elita
Charla;Pasqualina
Svetlana;Tamika
Clotilda;Sárika
Astraea;Dominga
Nala;Ola
Florinda;Milburga
Florinda;Nkruma
Andréa;Christina
Marajha;Pernilla
Jaana;Orinda
Cordula;Sonja
Gretta;Isra
Alexandrea;Katherina
Maïssa;Merla
Gracia;Idrissa
Avia;Khara
Catriona;Ola
Amada;Idrissa
Irena;Nkruma
Ofra;Shayla
Cecelia;Janella
Petunia;Rózsa
Estella;Sveta
Harmonia;Viveka
Albertina;Alexandrea
Agostina;Erika
Ludmila;Petunia
Consuela;Hestia
Avia;Mélissa
Cordula;Katherina
Isra;Minna
Hanna;Tímea
Clotilda;Floriana
Clotilda;Zella
Moyra;Sharma
Arjuna;Cordula
Margarida;Miranda
Dymphna;Lovisa
Florinda;Jayna
Mahendra;Viveka
Agostina;Catriona
Avia;Margarida
Andreia;Duana
Idrissa;Nala
Hestia;Malinda
Nirvana;Zola
Alessa;Clotilda
Morana;Mustapha
Anka;Olyvia
Azucena;Rózsa
Albertina;Duana
Felipa;Zsófika
Fedelma;Marijona
Edwyna;Mustapha
Jacinta;Morana
Edwyna;Maïssa
Anka;Manuela
Kristina;Minna
Asa;Foka
Charla;Florinda
Alaina;Andréa
Cressida;Lola
Consuela;Sharma
Anka;Rowina
Bahia;Rózsa
Carla;Kandajha
Dominga;Jaana
Irena;Rowina
Agostina;Seona
Amaranta;Csaba
Harmonia;Petrona
Miranda;Sveta
Cordula;Minna
Erika;Shiva
Azucena;Milburga
Consuela;Hylda
Crina;Sveta
Laocadia;Zia
Catriona;Jaana
Charla;Morana
Christina;Nelya
Donaldina;Shayla
Alysha;Asa
Bahia;Christabella
Alysha;Irena
Amaranta;Nanaia
Fenella;Idrissa
Felipa;Libitina
Fenella;Foka
Minna;Ofra
Azucena;Jyotsna
Marva;Sveta
Gaea;Lola
Alaina;Janella
Ivanna;Zakiyya
Csaba;Olyvia
Eadburga;Fadia
Meliora;Mustafa
Adjoa;Mahendra
Avra;Hilaria
Charla;Sveta
Alaina;Morana
Karamba;Kendra
Jaana;Renáta
Jacinta;Petunia
Alyona;Elita
Mahendra;Moyra
Agostina;Corona
Olyvia;Sonja
Miranda;Piroska
Adjoa;Ludmila
Albertina;Anka
Alysha;Moyra
Donaldina;Mahendra
Corona;Floriana
Avra;Malinda
Asa;Erika
Rózsa;Zia
Akosua;Libitina
Margarida;Marijana
Ottavia;Viveka
Charla;Fenella
Corona;Ola
Concepta;Libitina
Gretta;Zia
Janella;Viveka
Floriana;Léa
Agostina;Karamba
Orpa;Rowina
Alexandrea;Orpa
Pasqualina;Thyra
Janella;Marva
Amada;Azucena
Juliana;Zola
Agostina;Felipa
Anka;Atiya
Avia;Manuela
Atiya;Zsófika
Alaina;Rózsa
Christina;Isra
Kandajha;Thyra
Agostina;Thyra
Alysha;Zola
Alexandrea;Cressida
Csaba;Dymphna
Alysha;Sveta
Léa;Margarida
Albertina;Gretta
Khara;Ola
Ludmila;Margarida
Harmonia;Nelya
Jayna;Minna
Catriona;Duana
Hilaria;Lela
Alysha;Giulia
Anka;Dorottya
Erika;Rózsa
Irena;Svetlana
Bahia;Donaldina
Pierina;Rowina
Hilaria;Sara
Assumpta;Nkruma
Ila;Khalifa
Agostina;Foka
Libitina;Olyvia
Felipa;Kendra
Hestia;Pasqualina
Atiya;Terezinha
Elita;Jyotsna
Karina;Orinda
Albertina;Ofra
